code,hint
for i in range(10): print(i),تأكد من أن الحلقات لديك لها شرط توقف واضح لتجنب الحلقات اللامتناهية.
"numbers = [1,2,3]; total = sum(numbers)",يمكنك استخدام الدوال المدمجة مثل sum لتسهيل العمليات.
try: x = int(input()) except ValueError: print('Invalid'),تأكد من التعامل مع الأخطاء باستخدام try-except بشكل صحيح.
try: x = int(input()) except ValueError: print('Invalid'),تأكد من التعامل مع الأخطاء باستخدام try-except بشكل صحيح.
try: x = int(input()) except ValueError: print('Invalid'),تأكد من التعامل مع الأخطاء باستخدام try-except بشكل صحيح.
import math; math.sqrt(16),تأكد من استيراد المكتبات فقط عند الحاجة.
"numbers = [1,2,3]; total = sum(numbers)",يمكنك استخدام الدوال المدمجة مثل sum لتسهيل العمليات.
def factorial(n): return 1 if n==0 else n*factorial(n-1),تأكد من التعامل مع الدوال العودية بشكل صحيح لتجنب تجاوز الحد الأقصى للذاكرة.
for i in range(10): print(i),تأكد من أن الحلقات لديك لها شرط توقف واضح لتجنب الحلقات اللامتناهية.
while n > 0: n -= 1,احذر من الحلقات اللامتناهية وتحقق من شرط التوقف.
"with open('file.txt','r') as f: data = f.read()",تأكد من إدارة الملفات بشكل صحيح باستخدام with.
"numbers = [1,2,3]; total = sum(numbers)",يمكنك استخدام الدوال المدمجة مثل sum لتسهيل العمليات.
import math; math.sqrt(16),تأكد من استيراد المكتبات فقط عند الحاجة.
def factorial(n): return 1 if n==0 else n*factorial(n-1),تأكد من التعامل مع الدوال العودية بشكل صحيح لتجنب تجاوز الحد الأقصى للذاكرة.
def factorial(n): return 1 if n==0 else n*factorial(n-1),تأكد من التعامل مع الدوال العودية بشكل صحيح لتجنب تجاوز الحد الأقصى للذاكرة.
def factorial(n): return 1 if n==0 else n*factorial(n-1),تأكد من التعامل مع الدوال العودية بشكل صحيح لتجنب تجاوز الحد الأقصى للذاكرة.
"numbers = [1,2,3]; total = sum(numbers)",يمكنك استخدام الدوال المدمجة مثل sum لتسهيل العمليات.
"numbers = [1,2,3]; total = sum(numbers)",يمكنك استخدام الدوال المدمجة مثل sum لتسهيل العمليات.
if x > 0: print('Positive') else: print('Non-positive'),تأكد من تغطية جميع الحالات الممكنة في الشروط لتجنب الأخطاء المنطقية.
for i in range(10): print(i),تأكد من أن الحلقات لديك لها شرط توقف واضح لتجنب الحلقات اللامتناهية.
my_list = [i*2 for i in range(5)],استخدم comprehensions لتسهيل إنشاء القوائم بطريقة مختصرة.
for i in range(10): print(i),تأكد من أن الحلقات لديك لها شرط توقف واضح لتجنب الحلقات اللامتناهية.
def factorial(n): return 1 if n==0 else n*factorial(n-1),تأكد من التعامل مع الدوال العودية بشكل صحيح لتجنب تجاوز الحد الأقصى للذاكرة.
"numbers = [1,2,3]; total = sum(numbers)",يمكنك استخدام الدوال المدمجة مثل sum لتسهيل العمليات.
"with open('file.txt','r') as f: data = f.read()",تأكد من إدارة الملفات بشكل صحيح باستخدام with.
"with open('file.txt','r') as f: data = f.read()",تأكد من إدارة الملفات بشكل صحيح باستخدام with.
if x > 0: print('Positive') else: print('Non-positive'),تأكد من تغطية جميع الحالات الممكنة في الشروط لتجنب الأخطاء المنطقية.
"numbers = [1,2,3]; total = sum(numbers)",يمكنك استخدام الدوال المدمجة مثل sum لتسهيل العمليات.
def factorial(n): return 1 if n==0 else n*factorial(n-1),تأكد من التعامل مع الدوال العودية بشكل صحيح لتجنب تجاوز الحد الأقصى للذاكرة.
def factorial(n): return 1 if n==0 else n*factorial(n-1),تأكد من التعامل مع الدوال العودية بشكل صحيح لتجنب تجاوز الحد الأقصى للذاكرة.
if x > 0: print('Positive') else: print('Non-positive'),تأكد من تغطية جميع الحالات الممكنة في الشروط لتجنب الأخطاء المنطقية.
if x > 0: print('Positive') else: print('Non-positive'),تأكد من تغطية جميع الحالات الممكنة في الشروط لتجنب الأخطاء المنطقية.
import math; math.sqrt(16),تأكد من استيراد المكتبات فقط عند الحاجة.
while n > 0: n -= 1,احذر من الحلقات اللامتناهية وتحقق من شرط التوقف.
if x > 0: print('Positive') else: print('Non-positive'),تأكد من تغطية جميع الحالات الممكنة في الشروط لتجنب الأخطاء المنطقية.
my_list = [i*2 for i in range(5)],استخدم comprehensions لتسهيل إنشاء القوائم بطريقة مختصرة.
my_list = [i*2 for i in range(5)],استخدم comprehensions لتسهيل إنشاء القوائم بطريقة مختصرة.
"def add(a, b): return a + b",يمكنك إضافة تعليقات Docstring لوصف وظيفة كل دالة.
"def add(a, b): return a + b",يمكنك إضافة تعليقات Docstring لوصف وظيفة كل دالة.
for i in range(10): print(i),تأكد من أن الحلقات لديك لها شرط توقف واضح لتجنب الحلقات اللامتناهية.
"numbers = [1,2,3]; total = sum(numbers)",يمكنك استخدام الدوال المدمجة مثل sum لتسهيل العمليات.
for i in range(10): print(i),تأكد من أن الحلقات لديك لها شرط توقف واضح لتجنب الحلقات اللامتناهية.
"numbers = [1,2,3]; total = sum(numbers)",يمكنك استخدام الدوال المدمجة مثل sum لتسهيل العمليات.
while n > 0: n -= 1,احذر من الحلقات اللامتناهية وتحقق من شرط التوقف.
"def add(a, b): return a + b",يمكنك إضافة تعليقات Docstring لوصف وظيفة كل دالة.
if x > 0: print('Positive') else: print('Non-positive'),تأكد من تغطية جميع الحالات الممكنة في الشروط لتجنب الأخطاء المنطقية.
"with open('file.txt','r') as f: data = f.read()",تأكد من إدارة الملفات بشكل صحيح باستخدام with.
def factorial(n): return 1 if n==0 else n*factorial(n-1),تأكد من التعامل مع الدوال العودية بشكل صحيح لتجنب تجاوز الحد الأقصى للذاكرة.
while n > 0: n -= 1,احذر من الحلقات اللامتناهية وتحقق من شرط التوقف.
"def add(a, b): return a + b",يمكنك إضافة تعليقات Docstring لوصف وظيفة كل دالة.
my_list = [i*2 for i in range(5)],استخدم comprehensions لتسهيل إنشاء القوائم بطريقة مختصرة.
if x > 0: print('Positive') else: print('Non-positive'),تأكد من تغطية جميع الحالات الممكنة في الشروط لتجنب الأخطاء المنطقية.
import math; math.sqrt(16),تأكد من استيراد المكتبات فقط عند الحاجة.
def factorial(n): return 1 if n==0 else n*factorial(n-1),تأكد من التعامل مع الدوال العودية بشكل صحيح لتجنب تجاوز الحد الأقصى للذاكرة.
"with open('file.txt','r') as f: data = f.read()",تأكد من إدارة الملفات بشكل صحيح باستخدام with.
import math; math.sqrt(16),تأكد من استيراد المكتبات فقط عند الحاجة.
def factorial(n): return 1 if n==0 else n*factorial(n-1),تأكد من التعامل مع الدوال العودية بشكل صحيح لتجنب تجاوز الحد الأقصى للذاكرة.
try: x = int(input()) except ValueError: print('Invalid'),تأكد من التعامل مع الأخطاء باستخدام try-except بشكل صحيح.
my_list = [i*2 for i in range(5)],استخدم comprehensions لتسهيل إنشاء القوائم بطريقة مختصرة.
def factorial(n): return 1 if n==0 else n*factorial(n-1),تأكد من التعامل مع الدوال العودية بشكل صحيح لتجنب تجاوز الحد الأقصى للذاكرة.
"def add(a, b): return a + b",يمكنك إضافة تعليقات Docstring لوصف وظيفة كل دالة.
import math; math.sqrt(16),تأكد من استيراد المكتبات فقط عند الحاجة.
"with open('file.txt','r') as f: data = f.read()",تأكد من إدارة الملفات بشكل صحيح باستخدام with.
while n > 0: n -= 1,احذر من الحلقات اللامتناهية وتحقق من شرط التوقف.
while n > 0: n -= 1,احذر من الحلقات اللامتناهية وتحقق من شرط التوقف.
for i in range(10): print(i),تأكد من أن الحلقات لديك لها شرط توقف واضح لتجنب الحلقات اللامتناهية.
def factorial(n): return 1 if n==0 else n*factorial(n-1),تأكد من التعامل مع الدوال العودية بشكل صحيح لتجنب تجاوز الحد الأقصى للذاكرة.
"def add(a, b): return a + b",يمكنك إضافة تعليقات Docstring لوصف وظيفة كل دالة.
while n > 0: n -= 1,احذر من الحلقات اللامتناهية وتحقق من شرط التوقف.
"with open('file.txt','r') as f: data = f.read()",تأكد من إدارة الملفات بشكل صحيح باستخدام with.
while n > 0: n -= 1,احذر من الحلقات اللامتناهية وتحقق من شرط التوقف.
"numbers = [1,2,3]; total = sum(numbers)",يمكنك استخدام الدوال المدمجة مثل sum لتسهيل العمليات.
import math; math.sqrt(16),تأكد من استيراد المكتبات فقط عند الحاجة.
"def add(a, b): return a + b",يمكنك إضافة تعليقات Docstring لوصف وظيفة كل دالة.
"with open('file.txt','r') as f: data = f.read()",تأكد من إدارة الملفات بشكل صحيح باستخدام with.
my_list = [i*2 for i in range(5)],استخدم comprehensions لتسهيل إنشاء القوائم بطريقة مختصرة.
"def add(a, b): return a + b",يمكنك إضافة تعليقات Docstring لوصف وظيفة كل دالة.
try: x = int(input()) except ValueError: print('Invalid'),تأكد من التعامل مع الأخطاء باستخدام try-except بشكل صحيح.
"def add(a, b): return a + b",يمكنك إضافة تعليقات Docstring لوصف وظيفة كل دالة.
while n > 0: n -= 1,احذر من الحلقات اللامتناهية وتحقق من شرط التوقف.
while n > 0: n -= 1,احذر من الحلقات اللامتناهية وتحقق من شرط التوقف.
for i in range(10): print(i),تأكد من أن الحلقات لديك لها شرط توقف واضح لتجنب الحلقات اللامتناهية.
"numbers = [1,2,3]; total = sum(numbers)",يمكنك استخدام الدوال المدمجة مثل sum لتسهيل العمليات.
"numbers = [1,2,3]; total = sum(numbers)",يمكنك استخدام الدوال المدمجة مثل sum لتسهيل العمليات.
while n > 0: n -= 1,احذر من الحلقات اللامتناهية وتحقق من شرط التوقف.
"with open('file.txt','r') as f: data = f.read()",تأكد من إدارة الملفات بشكل صحيح باستخدام with.
my_list = [i*2 for i in range(5)],استخدم comprehensions لتسهيل إنشاء القوائم بطريقة مختصرة.
try: x = int(input()) except ValueError: print('Invalid'),تأكد من التعامل مع الأخطاء باستخدام try-except بشكل صحيح.
def factorial(n): return 1 if n==0 else n*factorial(n-1),تأكد من التعامل مع الدوال العودية بشكل صحيح لتجنب تجاوز الحد الأقصى للذاكرة.
def factorial(n): return 1 if n==0 else n*factorial(n-1),تأكد من التعامل مع الدوال العودية بشكل صحيح لتجنب تجاوز الحد الأقصى للذاكرة.
if x > 0: print('Positive') else: print('Non-positive'),تأكد من تغطية جميع الحالات الممكنة في الشروط لتجنب الأخطاء المنطقية.
my_list = [i*2 for i in range(5)],استخدم comprehensions لتسهيل إنشاء القوائم بطريقة مختصرة.
my_list = [i*2 for i in range(5)],استخدم comprehensions لتسهيل إنشاء القوائم بطريقة مختصرة.
while n > 0: n -= 1,احذر من الحلقات اللامتناهية وتحقق من شرط التوقف.
for i in range(10): print(i),تأكد من أن الحلقات لديك لها شرط توقف واضح لتجنب الحلقات اللامتناهية.
try: x = int(input()) except ValueError: print('Invalid'),تأكد من التعامل مع الأخطاء باستخدام try-except بشكل صحيح.
"with open('file.txt','r') as f: data = f.read()",تأكد من إدارة الملفات بشكل صحيح باستخدام with.
"with open('file.txt','r') as f: data = f.read()",تأكد من إدارة الملفات بشكل صحيح باستخدام with.
"def add(a, b): return a + b",يمكنك إضافة تعليقات Docstring لوصف وظيفة كل دالة.
"numbers = [1,2,3]; total = sum(numbers)",يمكنك استخدام الدوال المدمجة مثل sum لتسهيل العمليات.
def factorial(n): return 1 if n==0 else n*factorial(n-1),تأكد من التعامل مع الدوال العودية بشكل صحيح لتجنب تجاوز الحد الأقصى للذاكرة.
for i in range(10): print(i),تأكد من أن الحلقات لديك لها شرط توقف واضح لتجنب الحلقات اللامتناهية.
for i in range(10): print(i),تأكد من أن الحلقات لديك لها شرط توقف واضح لتجنب الحلقات اللامتناهية.
"with open('file.txt','r') as f: data = f.read()",تأكد من إدارة الملفات بشكل صحيح باستخدام with.
for i in range(10): print(i),تأكد من أن الحلقات لديك لها شرط توقف واضح لتجنب الحلقات اللامتناهية.
if x > 0: print('Positive') else: print('Non-positive'),تأكد من تغطية جميع الحالات الممكنة في الشروط لتجنب الأخطاء المنطقية.
"with open('file.txt','r') as f: data = f.read()",تأكد من إدارة الملفات بشكل صحيح باستخدام with.
try: x = int(input()) except ValueError: print('Invalid'),تأكد من التعامل مع الأخطاء باستخدام try-except بشكل صحيح.
def factorial(n): return 1 if n==0 else n*factorial(n-1),تأكد من التعامل مع الدوال العودية بشكل صحيح لتجنب تجاوز الحد الأقصى للذاكرة.
def factorial(n): return 1 if n==0 else n*factorial(n-1),تأكد من التعامل مع الدوال العودية بشكل صحيح لتجنب تجاوز الحد الأقصى للذاكرة.
while n > 0: n -= 1,احذر من الحلقات اللامتناهية وتحقق من شرط التوقف.
"numbers = [1,2,3]; total = sum(numbers)",يمكنك استخدام الدوال المدمجة مثل sum لتسهيل العمليات.
my_list = [i*2 for i in range(5)],استخدم comprehensions لتسهيل إنشاء القوائم بطريقة مختصرة.
if x > 0: print('Positive') else: print('Non-positive'),تأكد من تغطية جميع الحالات الممكنة في الشروط لتجنب الأخطاء المنطقية.
"with open('file.txt','r') as f: data = f.read()",تأكد من إدارة الملفات بشكل صحيح باستخدام with.
while n > 0: n -= 1,احذر من الحلقات اللامتناهية وتحقق من شرط التوقف.
if x > 0: print('Positive') else: print('Non-positive'),تأكد من تغطية جميع الحالات الممكنة في الشروط لتجنب الأخطاء المنطقية.
"with open('file.txt','r') as f: data = f.read()",تأكد من إدارة الملفات بشكل صحيح باستخدام with.
try: x = int(input()) except ValueError: print('Invalid'),تأكد من التعامل مع الأخطاء باستخدام try-except بشكل صحيح.
import math; math.sqrt(16),تأكد من استيراد المكتبات فقط عند الحاجة.
"with open('file.txt','r') as f: data = f.read()",تأكد من إدارة الملفات بشكل صحيح باستخدام with.
my_list = [i*2 for i in range(5)],استخدم comprehensions لتسهيل إنشاء القوائم بطريقة مختصرة.
def factorial(n): return 1 if n==0 else n*factorial(n-1),تأكد من التعامل مع الدوال العودية بشكل صحيح لتجنب تجاوز الحد الأقصى للذاكرة.
my_list = [i*2 for i in range(5)],استخدم comprehensions لتسهيل إنشاء القوائم بطريقة مختصرة.
"def add(a, b): return a + b",يمكنك إضافة تعليقات Docstring لوصف وظيفة كل دالة.
import math; math.sqrt(16),تأكد من استيراد المكتبات فقط عند الحاجة.
"numbers = [1,2,3]; total = sum(numbers)",يمكنك استخدام الدوال المدمجة مثل sum لتسهيل العمليات.
while n > 0: n -= 1,احذر من الحلقات اللامتناهية وتحقق من شرط التوقف.
"numbers = [1,2,3]; total = sum(numbers)",يمكنك استخدام الدوال المدمجة مثل sum لتسهيل العمليات.
while n > 0: n -= 1,احذر من الحلقات اللامتناهية وتحقق من شرط التوقف.
while n > 0: n -= 1,احذر من الحلقات اللامتناهية وتحقق من شرط التوقف.
"def add(a, b): return a + b",يمكنك إضافة تعليقات Docstring لوصف وظيفة كل دالة.
if x > 0: print('Positive') else: print('Non-positive'),تأكد من تغطية جميع الحالات الممكنة في الشروط لتجنب الأخطاء المنطقية.
if x > 0: print('Positive') else: print('Non-positive'),تأكد من تغطية جميع الحالات الممكنة في الشروط لتجنب الأخطاء المنطقية.
"with open('file.txt','r') as f: data = f.read()",تأكد من إدارة الملفات بشكل صحيح باستخدام with.
if x > 0: print('Positive') else: print('Non-positive'),تأكد من تغطية جميع الحالات الممكنة في الشروط لتجنب الأخطاء المنطقية.
try: x = int(input()) except ValueError: print('Invalid'),تأكد من التعامل مع الأخطاء باستخدام try-except بشكل صحيح.
my_list = [i*2 for i in range(5)],استخدم comprehensions لتسهيل إنشاء القوائم بطريقة مختصرة.
def factorial(n): return 1 if n==0 else n*factorial(n-1),تأكد من التعامل مع الدوال العودية بشكل صحيح لتجنب تجاوز الحد الأقصى للذاكرة.
def factorial(n): return 1 if n==0 else n*factorial(n-1),تأكد من التعامل مع الدوال العودية بشكل صحيح لتجنب تجاوز الحد الأقصى للذاكرة.
for i in range(10): print(i),تأكد من أن الحلقات لديك لها شرط توقف واضح لتجنب الحلقات اللامتناهية.
for i in range(10): print(i),تأكد من أن الحلقات لديك لها شرط توقف واضح لتجنب الحلقات اللامتناهية.
try: x = int(input()) except ValueError: print('Invalid'),تأكد من التعامل مع الأخطاء باستخدام try-except بشكل صحيح.
import math; math.sqrt(16),تأكد من استيراد المكتبات فقط عند الحاجة.
for i in range(10): print(i),تأكد من أن الحلقات لديك لها شرط توقف واضح لتجنب الحلقات اللامتناهية.
for i in range(10): print(i),تأكد من أن الحلقات لديك لها شرط توقف واضح لتجنب الحلقات اللامتناهية.
try: x = int(input()) except ValueError: print('Invalid'),تأكد من التعامل مع الأخطاء باستخدام try-except بشكل صحيح.
if x > 0: print('Positive') else: print('Non-positive'),تأكد من تغطية جميع الحالات الممكنة في الشروط لتجنب الأخطاء المنطقية.
try: x = int(input()) except ValueError: print('Invalid'),تأكد من التعامل مع الأخطاء باستخدام try-except بشكل صحيح.
while n > 0: n -= 1,احذر من الحلقات اللامتناهية وتحقق من شرط التوقف.
while n > 0: n -= 1,احذر من الحلقات اللامتناهية وتحقق من شرط التوقف.
while n > 0: n -= 1,احذر من الحلقات اللامتناهية وتحقق من شرط التوقف.
try: x = int(input()) except ValueError: print('Invalid'),تأكد من التعامل مع الأخطاء باستخدام try-except بشكل صحيح.
import math; math.sqrt(16),تأكد من استيراد المكتبات فقط عند الحاجة.
"def add(a, b): return a + b",يمكنك إضافة تعليقات Docstring لوصف وظيفة كل دالة.
"with open('file.txt','r') as f: data = f.read()",تأكد من إدارة الملفات بشكل صحيح باستخدام with.
def factorial(n): return 1 if n==0 else n*factorial(n-1),تأكد من التعامل مع الدوال العودية بشكل صحيح لتجنب تجاوز الحد الأقصى للذاكرة.
try: x = int(input()) except ValueError: print('Invalid'),تأكد من التعامل مع الأخطاء باستخدام try-except بشكل صحيح.
import math; math.sqrt(16),تأكد من استيراد المكتبات فقط عند الحاجة.
for i in range(10): print(i),تأكد من أن الحلقات لديك لها شرط توقف واضح لتجنب الحلقات اللامتناهية.
for i in range(10): print(i),تأكد من أن الحلقات لديك لها شرط توقف واضح لتجنب الحلقات اللامتناهية.
"numbers = [1,2,3]; total = sum(numbers)",يمكنك استخدام الدوال المدمجة مثل sum لتسهيل العمليات.
if x > 0: print('Positive') else: print('Non-positive'),تأكد من تغطية جميع الحالات الممكنة في الشروط لتجنب الأخطاء المنطقية.
"numbers = [1,2,3]; total = sum(numbers)",يمكنك استخدام الدوال المدمجة مثل sum لتسهيل العمليات.
while n > 0: n -= 1,احذر من الحلقات اللامتناهية وتحقق من شرط التوقف.
"def add(a, b): return a + b",يمكنك إضافة تعليقات Docstring لوصف وظيفة كل دالة.
try: x = int(input()) except ValueError: print('Invalid'),تأكد من التعامل مع الأخطاء باستخدام try-except بشكل صحيح.
if x > 0: print('Positive') else: print('Non-positive'),تأكد من تغطية جميع الحالات الممكنة في الشروط لتجنب الأخطاء المنطقية.
for i in range(10): print(i),تأكد من أن الحلقات لديك لها شرط توقف واضح لتجنب الحلقات اللامتناهية.
for i in range(10): print(i),تأكد من أن الحلقات لديك لها شرط توقف واضح لتجنب الحلقات اللامتناهية.
import math; math.sqrt(16),تأكد من استيراد المكتبات فقط عند الحاجة.
while n > 0: n -= 1,احذر من الحلقات اللامتناهية وتحقق من شرط التوقف.
while n > 0: n -= 1,احذر من الحلقات اللامتناهية وتحقق من شرط التوقف.
import math; math.sqrt(16),تأكد من استيراد المكتبات فقط عند الحاجة.
import math; math.sqrt(16),تأكد من استيراد المكتبات فقط عند الحاجة.
"def add(a, b): return a + b",يمكنك إضافة تعليقات Docstring لوصف وظيفة كل دالة.
"with open('file.txt','r') as f: data = f.read()",تأكد من إدارة الملفات بشكل صحيح باستخدام with.
while n > 0: n -= 1,احذر من الحلقات اللامتناهية وتحقق من شرط التوقف.
"with open('file.txt','r') as f: data = f.read()",تأكد من إدارة الملفات بشكل صحيح باستخدام with.
try: x = int(input()) except ValueError: print('Invalid'),تأكد من التعامل مع الأخطاء باستخدام try-except بشكل صحيح.
def factorial(n): return 1 if n==0 else n*factorial(n-1),تأكد من التعامل مع الدوال العودية بشكل صحيح لتجنب تجاوز الحد الأقصى للذاكرة.
for i in range(10): print(i),تأكد من أن الحلقات لديك لها شرط توقف واضح لتجنب الحلقات اللامتناهية.
while n > 0: n -= 1,احذر من الحلقات اللامتناهية وتحقق من شرط التوقف.
if x > 0: print('Positive') else: print('Non-positive'),تأكد من تغطية جميع الحالات الممكنة في الشروط لتجنب الأخطاء المنطقية.
try: x = int(input()) except ValueError: print('Invalid'),تأكد من التعامل مع الأخطاء باستخدام try-except بشكل صحيح.
try: x = int(input()) except ValueError: print('Invalid'),تأكد من التعامل مع الأخطاء باستخدام try-except بشكل صحيح.
import math; math.sqrt(16),تأكد من استيراد المكتبات فقط عند الحاجة.
if x > 0: print('Positive') else: print('Non-positive'),تأكد من تغطية جميع الحالات الممكنة في الشروط لتجنب الأخطاء المنطقية.
"def add(a, b): return a + b",يمكنك إضافة تعليقات Docstring لوصف وظيفة كل دالة.
for i in range(10): print(i),تأكد من أن الحلقات لديك لها شرط توقف واضح لتجنب الحلقات اللامتناهية.
import math; math.sqrt(16),تأكد من استيراد المكتبات فقط عند الحاجة.
"def add(a, b): return a + b",يمكنك إضافة تعليقات Docstring لوصف وظيفة كل دالة.
"with open('file.txt','r') as f: data = f.read()",تأكد من إدارة الملفات بشكل صحيح باستخدام with.
"with open('file.txt','r') as f: data = f.read()",تأكد من إدارة الملفات بشكل صحيح باستخدام with.
if x > 0: print('Positive') else: print('Non-positive'),تأكد من تغطية جميع الحالات الممكنة في الشروط لتجنب الأخطاء المنطقية.
"with open('file.txt','r') as f: data = f.read()",تأكد من إدارة الملفات بشكل صحيح باستخدام with.
for i in range(10): print(i),تأكد من أن الحلقات لديك لها شرط توقف واضح لتجنب الحلقات اللامتناهية.
"def add(a, b): return a + b",يمكنك إضافة تعليقات Docstring لوصف وظيفة كل دالة.
"numbers = [1,2,3]; total = sum(numbers)",يمكنك استخدام الدوال المدمجة مثل sum لتسهيل العمليات.
my_list = [i*2 for i in range(5)],استخدم comprehensions لتسهيل إنشاء القوائم بطريقة مختصرة.
while n > 0: n -= 1,احذر من الحلقات اللامتناهية وتحقق من شرط التوقف.
try: x = int(input()) except ValueError: print('Invalid'),تأكد من التعامل مع الأخطاء باستخدام try-except بشكل صحيح.
"def add(a, b): return a + b",يمكنك إضافة تعليقات Docstring لوصف وظيفة كل دالة.
while n > 0: n -= 1,احذر من الحلقات اللامتناهية وتحقق من شرط التوقف.
"with open('file.txt','r') as f: data = f.read()",تأكد من إدارة الملفات بشكل صحيح باستخدام with.
while n > 0: n -= 1,احذر من الحلقات اللامتناهية وتحقق من شرط التوقف.
if x > 0: print('Positive') else: print('Non-positive'),تأكد من تغطية جميع الحالات الممكنة في الشروط لتجنب الأخطاء المنطقية.
if x > 0: print('Positive') else: print('Non-positive'),تأكد من تغطية جميع الحالات الممكنة في الشروط لتجنب الأخطاء المنطقية.
def factorial(n): return 1 if n==0 else n*factorial(n-1),تأكد من التعامل مع الدوال العودية بشكل صحيح لتجنب تجاوز الحد الأقصى للذاكرة.
try: x = int(input()) except ValueError: print('Invalid'),تأكد من التعامل مع الأخطاء باستخدام try-except بشكل صحيح.
while n > 0: n -= 1,احذر من الحلقات اللامتناهية وتحقق من شرط التوقف.
for i in range(10): print(i),تأكد من أن الحلقات لديك لها شرط توقف واضح لتجنب الحلقات اللامتناهية.
import math; math.sqrt(16),تأكد من استيراد المكتبات فقط عند الحاجة.
"def add(a, b): return a + b",يمكنك إضافة تعليقات Docstring لوصف وظيفة كل دالة.
"numbers = [1,2,3]; total = sum(numbers)",يمكنك استخدام الدوال المدمجة مثل sum لتسهيل العمليات.
import math; math.sqrt(16),تأكد من استيراد المكتبات فقط عند الحاجة.
import math; math.sqrt(16),تأكد من استيراد المكتبات فقط عند الحاجة.
if x > 0: print('Positive') else: print('Non-positive'),تأكد من تغطية جميع الحالات الممكنة في الشروط لتجنب الأخطاء المنطقية.
my_list = [i*2 for i in range(5)],استخدم comprehensions لتسهيل إنشاء القوائم بطريقة مختصرة.
for i in range(10): print(i),تأكد من أن الحلقات لديك لها شرط توقف واضح لتجنب الحلقات اللامتناهية.
while n > 0: n -= 1,احذر من الحلقات اللامتناهية وتحقق من شرط التوقف.
def factorial(n): return 1 if n==0 else n*factorial(n-1),تأكد من التعامل مع الدوال العودية بشكل صحيح لتجنب تجاوز الحد الأقصى للذاكرة.
my_list = [i*2 for i in range(5)],استخدم comprehensions لتسهيل إنشاء القوائم بطريقة مختصرة.
def factorial(n): return 1 if n==0 else n*factorial(n-1),تأكد من التعامل مع الدوال العودية بشكل صحيح لتجنب تجاوز الحد الأقصى للذاكرة.
try: x = int(input()) except ValueError: print('Invalid'),تأكد من التعامل مع الأخطاء باستخدام try-except بشكل صحيح.
def factorial(n): return 1 if n==0 else n*factorial(n-1),تأكد من التعامل مع الدوال العودية بشكل صحيح لتجنب تجاوز الحد الأقصى للذاكرة.
my_list = [i*2 for i in range(5)],استخدم comprehensions لتسهيل إنشاء القوائم بطريقة مختصرة.
for i in range(10): print(i),تأكد من أن الحلقات لديك لها شرط توقف واضح لتجنب الحلقات اللامتناهية.
try: x = int(input()) except ValueError: print('Invalid'),تأكد من التعامل مع الأخطاء باستخدام try-except بشكل صحيح.
"numbers = [1,2,3]; total = sum(numbers)",يمكنك استخدام الدوال المدمجة مثل sum لتسهيل العمليات.
"def add(a, b): return a + b",يمكنك إضافة تعليقات Docstring لوصف وظيفة كل دالة.
try: x = int(input()) except ValueError: print('Invalid'),تأكد من التعامل مع الأخطاء باستخدام try-except بشكل صحيح.
for i in range(10): print(i),تأكد من أن الحلقات لديك لها شرط توقف واضح لتجنب الحلقات اللامتناهية.
try: x = int(input()) except ValueError: print('Invalid'),تأكد من التعامل مع الأخطاء باستخدام try-except بشكل صحيح.
import math; math.sqrt(16),تأكد من استيراد المكتبات فقط عند الحاجة.
"numbers = [1,2,3]; total = sum(numbers)",يمكنك استخدام الدوال المدمجة مثل sum لتسهيل العمليات.
while n > 0: n -= 1,احذر من الحلقات اللامتناهية وتحقق من شرط التوقف.
import math; math.sqrt(16),تأكد من استيراد المكتبات فقط عند الحاجة.
for i in range(10): print(i),تأكد من أن الحلقات لديك لها شرط توقف واضح لتجنب الحلقات اللامتناهية.
while n > 0: n -= 1,احذر من الحلقات اللامتناهية وتحقق من شرط التوقف.
import math; math.sqrt(16),تأكد من استيراد المكتبات فقط عند الحاجة.
"with open('file.txt','r') as f: data = f.read()",تأكد من إدارة الملفات بشكل صحيح باستخدام with.
if x > 0: print('Positive') else: print('Non-positive'),تأكد من تغطية جميع الحالات الممكنة في الشروط لتجنب الأخطاء المنطقية.
def factorial(n): return 1 if n==0 else n*factorial(n-1),تأكد من التعامل مع الدوال العودية بشكل صحيح لتجنب تجاوز الحد الأقصى للذاكرة.
try: x = int(input()) except ValueError: print('Invalid'),تأكد من التعامل مع الأخطاء باستخدام try-except بشكل صحيح.
my_list = [i*2 for i in range(5)],استخدم comprehensions لتسهيل إنشاء القوائم بطريقة مختصرة.
"with open('file.txt','r') as f: data = f.read()",تأكد من إدارة الملفات بشكل صحيح باستخدام with.
def factorial(n): return 1 if n==0 else n*factorial(n-1),تأكد من التعامل مع الدوال العودية بشكل صحيح لتجنب تجاوز الحد الأقصى للذاكرة.
for i in range(10): print(i),تأكد من أن الحلقات لديك لها شرط توقف واضح لتجنب الحلقات اللامتناهية.
def factorial(n): return 1 if n==0 else n*factorial(n-1),تأكد من التعامل مع الدوال العودية بشكل صحيح لتجنب تجاوز الحد الأقصى للذاكرة.
"with open('file.txt','r') as f: data = f.read()",تأكد من إدارة الملفات بشكل صحيح باستخدام with.
while n > 0: n -= 1,احذر من الحلقات اللامتناهية وتحقق من شرط التوقف.
while n > 0: n -= 1,احذر من الحلقات اللامتناهية وتحقق من شرط التوقف.
"with open('file.txt','r') as f: data = f.read()",تأكد من إدارة الملفات بشكل صحيح باستخدام with.
def factorial(n): return 1 if n==0 else n*factorial(n-1),تأكد من التعامل مع الدوال العودية بشكل صحيح لتجنب تجاوز الحد الأقصى للذاكرة.
if x > 0: print('Positive') else: print('Non-positive'),تأكد من تغطية جميع الحالات الممكنة في الشروط لتجنب الأخطاء المنطقية.
"with open('file.txt','r') as f: data = f.read()",تأكد من إدارة الملفات بشكل صحيح باستخدام with.
for i in range(10): print(i),تأكد من أن الحلقات لديك لها شرط توقف واضح لتجنب الحلقات اللامتناهية.
"def add(a, b): return a + b",يمكنك إضافة تعليقات Docstring لوصف وظيفة كل دالة.
try: x = int(input()) except ValueError: print('Invalid'),تأكد من التعامل مع الأخطاء باستخدام try-except بشكل صحيح.
if x > 0: print('Positive') else: print('Non-positive'),تأكد من تغطية جميع الحالات الممكنة في الشروط لتجنب الأخطاء المنطقية.
my_list = [i*2 for i in range(5)],استخدم comprehensions لتسهيل إنشاء القوائم بطريقة مختصرة.
"numbers = [1,2,3]; total = sum(numbers)",يمكنك استخدام الدوال المدمجة مثل sum لتسهيل العمليات.
def factorial(n): return 1 if n==0 else n*factorial(n-1),تأكد من التعامل مع الدوال العودية بشكل صحيح لتجنب تجاوز الحد الأقصى للذاكرة.
my_list = [i*2 for i in range(5)],استخدم comprehensions لتسهيل إنشاء القوائم بطريقة مختصرة.
try: x = int(input()) except ValueError: print('Invalid'),تأكد من التعامل مع الأخطاء باستخدام try-except بشكل صحيح.
"numbers = [1,2,3]; total = sum(numbers)",يمكنك استخدام الدوال المدمجة مثل sum لتسهيل العمليات.
for i in range(10): print(i),تأكد من أن الحلقات لديك لها شرط توقف واضح لتجنب الحلقات اللامتناهية.
if x > 0: print('Positive') else: print('Non-positive'),تأكد من تغطية جميع الحالات الممكنة في الشروط لتجنب الأخطاء المنطقية.
import math; math.sqrt(16),تأكد من استيراد المكتبات فقط عند الحاجة.
"def add(a, b): return a + b",يمكنك إضافة تعليقات Docstring لوصف وظيفة كل دالة.
try: x = int(input()) except ValueError: print('Invalid'),تأكد من التعامل مع الأخطاء باستخدام try-except بشكل صحيح.
my_list = [i*2 for i in range(5)],استخدم comprehensions لتسهيل إنشاء القوائم بطريقة مختصرة.
while n > 0: n -= 1,احذر من الحلقات اللامتناهية وتحقق من شرط التوقف.
while n > 0: n -= 1,احذر من الحلقات اللامتناهية وتحقق من شرط التوقف.
try: x = int(input()) except ValueError: print('Invalid'),تأكد من التعامل مع الأخطاء باستخدام try-except بشكل صحيح.
"numbers = [1,2,3]; total = sum(numbers)",يمكنك استخدام الدوال المدمجة مثل sum لتسهيل العمليات.
for i in range(10): print(i),تأكد من أن الحلقات لديك لها شرط توقف واضح لتجنب الحلقات اللامتناهية.
my_list = [i*2 for i in range(5)],استخدم comprehensions لتسهيل إنشاء القوائم بطريقة مختصرة.
try: x = int(input()) except ValueError: print('Invalid'),تأكد من التعامل مع الأخطاء باستخدام try-except بشكل صحيح.
"with open('file.txt','r') as f: data = f.read()",تأكد من إدارة الملفات بشكل صحيح باستخدام with.
try: x = int(input()) except ValueError: print('Invalid'),تأكد من التعامل مع الأخطاء باستخدام try-except بشكل صحيح.
"numbers = [1,2,3]; total = sum(numbers)",يمكنك استخدام الدوال المدمجة مثل sum لتسهيل العمليات.
import math; math.sqrt(16),تأكد من استيراد المكتبات فقط عند الحاجة.
for i in range(10): print(i),تأكد من أن الحلقات لديك لها شرط توقف واضح لتجنب الحلقات اللامتناهية.
"with open('file.txt','r') as f: data = f.read()",تأكد من إدارة الملفات بشكل صحيح باستخدام with.
my_list = [i*2 for i in range(5)],استخدم comprehensions لتسهيل إنشاء القوائم بطريقة مختصرة.
import math; math.sqrt(16),تأكد من استيراد المكتبات فقط عند الحاجة.
import math; math.sqrt(16),تأكد من استيراد المكتبات فقط عند الحاجة.
"def add(a, b): return a + b",يمكنك إضافة تعليقات Docstring لوصف وظيفة كل دالة.
for i in range(10): print(i),تأكد من أن الحلقات لديك لها شرط توقف واضح لتجنب الحلقات اللامتناهية.
if x > 0: print('Positive') else: print('Non-positive'),تأكد من تغطية جميع الحالات الممكنة في الشروط لتجنب الأخطاء المنطقية.
for i in range(10): print(i),تأكد من أن الحلقات لديك لها شرط توقف واضح لتجنب الحلقات اللامتناهية.
"def add(a, b): return a + b",يمكنك إضافة تعليقات Docstring لوصف وظيفة كل دالة.
"def add(a, b): return a + b",يمكنك إضافة تعليقات Docstring لوصف وظيفة كل دالة.
try: x = int(input()) except ValueError: print('Invalid'),تأكد من التعامل مع الأخطاء باستخدام try-except بشكل صحيح.
"numbers = [1,2,3]; total = sum(numbers)",يمكنك استخدام الدوال المدمجة مثل sum لتسهيل العمليات.
my_list = [i*2 for i in range(5)],استخدم comprehensions لتسهيل إنشاء القوائم بطريقة مختصرة.
def factorial(n): return 1 if n==0 else n*factorial(n-1),تأكد من التعامل مع الدوال العودية بشكل صحيح لتجنب تجاوز الحد الأقصى للذاكرة.
def factorial(n): return 1 if n==0 else n*factorial(n-1),تأكد من التعامل مع الدوال العودية بشكل صحيح لتجنب تجاوز الحد الأقصى للذاكرة.
while n > 0: n -= 1,احذر من الحلقات اللامتناهية وتحقق من شرط التوقف.
def factorial(n): return 1 if n==0 else n*factorial(n-1),تأكد من التعامل مع الدوال العودية بشكل صحيح لتجنب تجاوز الحد الأقصى للذاكرة.
while n > 0: n -= 1,احذر من الحلقات اللامتناهية وتحقق من شرط التوقف.
import math; math.sqrt(16),تأكد من استيراد المكتبات فقط عند الحاجة.
try: x = int(input()) except ValueError: print('Invalid'),تأكد من التعامل مع الأخطاء باستخدام try-except بشكل صحيح.
try: x = int(input()) except ValueError: print('Invalid'),تأكد من التعامل مع الأخطاء باستخدام try-except بشكل صحيح.
for i in range(10): print(i),تأكد من أن الحلقات لديك لها شرط توقف واضح لتجنب الحلقات اللامتناهية.
"with open('file.txt','r') as f: data = f.read()",تأكد من إدارة الملفات بشكل صحيح باستخدام with.
if x > 0: print('Positive') else: print('Non-positive'),تأكد من تغطية جميع الحالات الممكنة في الشروط لتجنب الأخطاء المنطقية.
import math; math.sqrt(16),تأكد من استيراد المكتبات فقط عند الحاجة.
"def add(a, b): return a + b",يمكنك إضافة تعليقات Docstring لوصف وظيفة كل دالة.
"with open('file.txt','r') as f: data = f.read()",تأكد من إدارة الملفات بشكل صحيح باستخدام with.
for i in range(10): print(i),تأكد من أن الحلقات لديك لها شرط توقف واضح لتجنب الحلقات اللامتناهية.
while n > 0: n -= 1,احذر من الحلقات اللامتناهية وتحقق من شرط التوقف.
for i in range(10): print(i),تأكد من أن الحلقات لديك لها شرط توقف واضح لتجنب الحلقات اللامتناهية.
"numbers = [1,2,3]; total = sum(numbers)",يمكنك استخدام الدوال المدمجة مثل sum لتسهيل العمليات.
while n > 0: n -= 1,احذر من الحلقات اللامتناهية وتحقق من شرط التوقف.
for i in range(10): print(i),تأكد من أن الحلقات لديك لها شرط توقف واضح لتجنب الحلقات اللامتناهية.
if x > 0: print('Positive') else: print('Non-positive'),تأكد من تغطية جميع الحالات الممكنة في الشروط لتجنب الأخطاء المنطقية.
my_list = [i*2 for i in range(5)],استخدم comprehensions لتسهيل إنشاء القوائم بطريقة مختصرة.
if x > 0: print('Positive') else: print('Non-positive'),تأكد من تغطية جميع الحالات الممكنة في الشروط لتجنب الأخطاء المنطقية.
while n > 0: n -= 1,احذر من الحلقات اللامتناهية وتحقق من شرط التوقف.
"def add(a, b): return a + b",يمكنك إضافة تعليقات Docstring لوصف وظيفة كل دالة.
if x > 0: print('Positive') else: print('Non-positive'),تأكد من تغطية جميع الحالات الممكنة في الشروط لتجنب الأخطاء المنطقية.
"numbers = [1,2,3]; total = sum(numbers)",يمكنك استخدام الدوال المدمجة مثل sum لتسهيل العمليات.
"with open('file.txt','r') as f: data = f.read()",تأكد من إدارة الملفات بشكل صحيح باستخدام with.
while n > 0: n -= 1,احذر من الحلقات اللامتناهية وتحقق من شرط التوقف.
while n > 0: n -= 1,احذر من الحلقات اللامتناهية وتحقق من شرط التوقف.
while n > 0: n -= 1,احذر من الحلقات اللامتناهية وتحقق من شرط التوقف.
try: x = int(input()) except ValueError: print('Invalid'),تأكد من التعامل مع الأخطاء باستخدام try-except بشكل صحيح.
if x > 0: print('Positive') else: print('Non-positive'),تأكد من تغطية جميع الحالات الممكنة في الشروط لتجنب الأخطاء المنطقية.
while n > 0: n -= 1,احذر من الحلقات اللامتناهية وتحقق من شرط التوقف.
"def add(a, b): return a + b",يمكنك إضافة تعليقات Docstring لوصف وظيفة كل دالة.
my_list = [i*2 for i in range(5)],استخدم comprehensions لتسهيل إنشاء القوائم بطريقة مختصرة.
while n > 0: n -= 1,احذر من الحلقات اللامتناهية وتحقق من شرط التوقف.
"with open('file.txt','r') as f: data = f.read()",تأكد من إدارة الملفات بشكل صحيح باستخدام with.
try: x = int(input()) except ValueError: print('Invalid'),تأكد من التعامل مع الأخطاء باستخدام try-except بشكل صحيح.
"def add(a, b): return a + b",يمكنك إضافة تعليقات Docstring لوصف وظيفة كل دالة.
"numbers = [1,2,3]; total = sum(numbers)",يمكنك استخدام الدوال المدمجة مثل sum لتسهيل العمليات.
"def add(a, b): return a + b",يمكنك إضافة تعليقات Docstring لوصف وظيفة كل دالة.
"def add(a, b): return a + b",يمكنك إضافة تعليقات Docstring لوصف وظيفة كل دالة.
if x > 0: print('Positive') else: print('Non-positive'),تأكد من تغطية جميع الحالات الممكنة في الشروط لتجنب الأخطاء المنطقية.
"def add(a, b): return a + b",يمكنك إضافة تعليقات Docstring لوصف وظيفة كل دالة.
"def add(a, b): return a + b",يمكنك إضافة تعليقات Docstring لوصف وظيفة كل دالة.
def factorial(n): return 1 if n==0 else n*factorial(n-1),تأكد من التعامل مع الدوال العودية بشكل صحيح لتجنب تجاوز الحد الأقصى للذاكرة.
"numbers = [1,2,3]; total = sum(numbers)",يمكنك استخدام الدوال المدمجة مثل sum لتسهيل العمليات.
"def add(a, b): return a + b",يمكنك إضافة تعليقات Docstring لوصف وظيفة كل دالة.
def factorial(n): return 1 if n==0 else n*factorial(n-1),تأكد من التعامل مع الدوال العودية بشكل صحيح لتجنب تجاوز الحد الأقصى للذاكرة.
"with open('file.txt','r') as f: data = f.read()",تأكد من إدارة الملفات بشكل صحيح باستخدام with.
if x > 0: print('Positive') else: print('Non-positive'),تأكد من تغطية جميع الحالات الممكنة في الشروط لتجنب الأخطاء المنطقية.
my_list = [i*2 for i in range(5)],استخدم comprehensions لتسهيل إنشاء القوائم بطريقة مختصرة.
if x > 0: print('Positive') else: print('Non-positive'),تأكد من تغطية جميع الحالات الممكنة في الشروط لتجنب الأخطاء المنطقية.
"numbers = [1,2,3]; total = sum(numbers)",يمكنك استخدام الدوال المدمجة مثل sum لتسهيل العمليات.
for i in range(10): print(i),تأكد من أن الحلقات لديك لها شرط توقف واضح لتجنب الحلقات اللامتناهية.
def factorial(n): return 1 if n==0 else n*factorial(n-1),تأكد من التعامل مع الدوال العودية بشكل صحيح لتجنب تجاوز الحد الأقصى للذاكرة.
for i in range(10): print(i),تأكد من أن الحلقات لديك لها شرط توقف واضح لتجنب الحلقات اللامتناهية.
for i in range(10): print(i),تأكد من أن الحلقات لديك لها شرط توقف واضح لتجنب الحلقات اللامتناهية.
"numbers = [1,2,3]; total = sum(numbers)",يمكنك استخدام الدوال المدمجة مثل sum لتسهيل العمليات.
"def add(a, b): return a + b",يمكنك إضافة تعليقات Docstring لوصف وظيفة كل دالة.
import math; math.sqrt(16),تأكد من استيراد المكتبات فقط عند الحاجة.
def factorial(n): return 1 if n==0 else n*factorial(n-1),تأكد من التعامل مع الدوال العودية بشكل صحيح لتجنب تجاوز الحد الأقصى للذاكرة.
"numbers = [1,2,3]; total = sum(numbers)",يمكنك استخدام الدوال المدمجة مثل sum لتسهيل العمليات.
try: x = int(input()) except ValueError: print('Invalid'),تأكد من التعامل مع الأخطاء باستخدام try-except بشكل صحيح.
try: x = int(input()) except ValueError: print('Invalid'),تأكد من التعامل مع الأخطاء باستخدام try-except بشكل صحيح.
for i in range(10): print(i),تأكد من أن الحلقات لديك لها شرط توقف واضح لتجنب الحلقات اللامتناهية.
while n > 0: n -= 1,احذر من الحلقات اللامتناهية وتحقق من شرط التوقف.
try: x = int(input()) except ValueError: print('Invalid'),تأكد من التعامل مع الأخطاء باستخدام try-except بشكل صحيح.
my_list = [i*2 for i in range(5)],استخدم comprehensions لتسهيل إنشاء القوائم بطريقة مختصرة.
if x > 0: print('Positive') else: print('Non-positive'),تأكد من تغطية جميع الحالات الممكنة في الشروط لتجنب الأخطاء المنطقية.
my_list = [i*2 for i in range(5)],استخدم comprehensions لتسهيل إنشاء القوائم بطريقة مختصرة.
try: x = int(input()) except ValueError: print('Invalid'),تأكد من التعامل مع الأخطاء باستخدام try-except بشكل صحيح.
my_list = [i*2 for i in range(5)],استخدم comprehensions لتسهيل إنشاء القوائم بطريقة مختصرة.
def factorial(n): return 1 if n==0 else n*factorial(n-1),تأكد من التعامل مع الدوال العودية بشكل صحيح لتجنب تجاوز الحد الأقصى للذاكرة.
if x > 0: print('Positive') else: print('Non-positive'),تأكد من تغطية جميع الحالات الممكنة في الشروط لتجنب الأخطاء المنطقية.
def factorial(n): return 1 if n==0 else n*factorial(n-1),تأكد من التعامل مع الدوال العودية بشكل صحيح لتجنب تجاوز الحد الأقصى للذاكرة.
import math; math.sqrt(16),تأكد من استيراد المكتبات فقط عند الحاجة.
if x > 0: print('Positive') else: print('Non-positive'),تأكد من تغطية جميع الحالات الممكنة في الشروط لتجنب الأخطاء المنطقية.
"def add(a, b): return a + b",يمكنك إضافة تعليقات Docstring لوصف وظيفة كل دالة.
for i in range(10): print(i),تأكد من أن الحلقات لديك لها شرط توقف واضح لتجنب الحلقات اللامتناهية.
for i in range(10): print(i),تأكد من أن الحلقات لديك لها شرط توقف واضح لتجنب الحلقات اللامتناهية.
if x > 0: print('Positive') else: print('Non-positive'),تأكد من تغطية جميع الحالات الممكنة في الشروط لتجنب الأخطاء المنطقية.
if x > 0: print('Positive') else: print('Non-positive'),تأكد من تغطية جميع الحالات الممكنة في الشروط لتجنب الأخطاء المنطقية.
"numbers = [1,2,3]; total = sum(numbers)",يمكنك استخدام الدوال المدمجة مثل sum لتسهيل العمليات.
"numbers = [1,2,3]; total = sum(numbers)",يمكنك استخدام الدوال المدمجة مثل sum لتسهيل العمليات.
try: x = int(input()) except ValueError: print('Invalid'),تأكد من التعامل مع الأخطاء باستخدام try-except بشكل صحيح.
while n > 0: n -= 1,احذر من الحلقات اللامتناهية وتحقق من شرط التوقف.
try: x = int(input()) except ValueError: print('Invalid'),تأكد من التعامل مع الأخطاء باستخدام try-except بشكل صحيح.
def factorial(n): return 1 if n==0 else n*factorial(n-1),تأكد من التعامل مع الدوال العودية بشكل صحيح لتجنب تجاوز الحد الأقصى للذاكرة.
"numbers = [1,2,3]; total = sum(numbers)",يمكنك استخدام الدوال المدمجة مثل sum لتسهيل العمليات.
"numbers = [1,2,3]; total = sum(numbers)",يمكنك استخدام الدوال المدمجة مثل sum لتسهيل العمليات.
my_list = [i*2 for i in range(5)],استخدم comprehensions لتسهيل إنشاء القوائم بطريقة مختصرة.
if x > 0: print('Positive') else: print('Non-positive'),تأكد من تغطية جميع الحالات الممكنة في الشروط لتجنب الأخطاء المنطقية.
import math; math.sqrt(16),تأكد من استيراد المكتبات فقط عند الحاجة.
for i in range(10): print(i),تأكد من أن الحلقات لديك لها شرط توقف واضح لتجنب الحلقات اللامتناهية.
"def add(a, b): return a + b",يمكنك إضافة تعليقات Docstring لوصف وظيفة كل دالة.
try: x = int(input()) except ValueError: print('Invalid'),تأكد من التعامل مع الأخطاء باستخدام try-except بشكل صحيح.
try: x = int(input()) except ValueError: print('Invalid'),تأكد من التعامل مع الأخطاء باستخدام try-except بشكل صحيح.
while n > 0: n -= 1,احذر من الحلقات اللامتناهية وتحقق من شرط التوقف.
while n > 0: n -= 1,احذر من الحلقات اللامتناهية وتحقق من شرط التوقف.
"with open('file.txt','r') as f: data = f.read()",تأكد من إدارة الملفات بشكل صحيح باستخدام with.
if x > 0: print('Positive') else: print('Non-positive'),تأكد من تغطية جميع الحالات الممكنة في الشروط لتجنب الأخطاء المنطقية.
while n > 0: n -= 1,احذر من الحلقات اللامتناهية وتحقق من شرط التوقف.
try: x = int(input()) except ValueError: print('Invalid'),تأكد من التعامل مع الأخطاء باستخدام try-except بشكل صحيح.
for i in range(10): print(i),تأكد من أن الحلقات لديك لها شرط توقف واضح لتجنب الحلقات اللامتناهية.
if x > 0: print('Positive') else: print('Non-positive'),تأكد من تغطية جميع الحالات الممكنة في الشروط لتجنب الأخطاء المنطقية.
import math; math.sqrt(16),تأكد من استيراد المكتبات فقط عند الحاجة.
for i in range(10): print(i),تأكد من أن الحلقات لديك لها شرط توقف واضح لتجنب الحلقات اللامتناهية.
"numbers = [1,2,3]; total = sum(numbers)",يمكنك استخدام الدوال المدمجة مثل sum لتسهيل العمليات.
my_list = [i*2 for i in range(5)],استخدم comprehensions لتسهيل إنشاء القوائم بطريقة مختصرة.
for i in range(10): print(i),تأكد من أن الحلقات لديك لها شرط توقف واضح لتجنب الحلقات اللامتناهية.
my_list = [i*2 for i in range(5)],استخدم comprehensions لتسهيل إنشاء القوائم بطريقة مختصرة.
def factorial(n): return 1 if n==0 else n*factorial(n-1),تأكد من التعامل مع الدوال العودية بشكل صحيح لتجنب تجاوز الحد الأقصى للذاكرة.
import math; math.sqrt(16),تأكد من استيراد المكتبات فقط عند الحاجة.
if x > 0: print('Positive') else: print('Non-positive'),تأكد من تغطية جميع الحالات الممكنة في الشروط لتجنب الأخطاء المنطقية.
my_list = [i*2 for i in range(5)],استخدم comprehensions لتسهيل إنشاء القوائم بطريقة مختصرة.
for i in range(10): print(i),تأكد من أن الحلقات لديك لها شرط توقف واضح لتجنب الحلقات اللامتناهية.
try: x = int(input()) except ValueError: print('Invalid'),تأكد من التعامل مع الأخطاء باستخدام try-except بشكل صحيح.
"with open('file.txt','r') as f: data = f.read()",تأكد من إدارة الملفات بشكل صحيح باستخدام with.
def factorial(n): return 1 if n==0 else n*factorial(n-1),تأكد من التعامل مع الدوال العودية بشكل صحيح لتجنب تجاوز الحد الأقصى للذاكرة.
if x > 0: print('Positive') else: print('Non-positive'),تأكد من تغطية جميع الحالات الممكنة في الشروط لتجنب الأخطاء المنطقية.
try: x = int(input()) except ValueError: print('Invalid'),تأكد من التعامل مع الأخطاء باستخدام try-except بشكل صحيح.
import math; math.sqrt(16),تأكد من استيراد المكتبات فقط عند الحاجة.
"def add(a, b): return a + b",يمكنك إضافة تعليقات Docstring لوصف وظيفة كل دالة.
"numbers = [1,2,3]; total = sum(numbers)",يمكنك استخدام الدوال المدمجة مثل sum لتسهيل العمليات.
for i in range(10): print(i),تأكد من أن الحلقات لديك لها شرط توقف واضح لتجنب الحلقات اللامتناهية.
def factorial(n): return 1 if n==0 else n*factorial(n-1),تأكد من التعامل مع الدوال العودية بشكل صحيح لتجنب تجاوز الحد الأقصى للذاكرة.
"numbers = [1,2,3]; total = sum(numbers)",يمكنك استخدام الدوال المدمجة مثل sum لتسهيل العمليات.
my_list = [i*2 for i in range(5)],استخدم comprehensions لتسهيل إنشاء القوائم بطريقة مختصرة.
if x > 0: print('Positive') else: print('Non-positive'),تأكد من تغطية جميع الحالات الممكنة في الشروط لتجنب الأخطاء المنطقية.
for i in range(10): print(i),تأكد من أن الحلقات لديك لها شرط توقف واضح لتجنب الحلقات اللامتناهية.
if x > 0: print('Positive') else: print('Non-positive'),تأكد من تغطية جميع الحالات الممكنة في الشروط لتجنب الأخطاء المنطقية.
if x > 0: print('Positive') else: print('Non-positive'),تأكد من تغطية جميع الحالات الممكنة في الشروط لتجنب الأخطاء المنطقية.
for i in range(10): print(i),تأكد من أن الحلقات لديك لها شرط توقف واضح لتجنب الحلقات اللامتناهية.
import math; math.sqrt(16),تأكد من استيراد المكتبات فقط عند الحاجة.
while n > 0: n -= 1,احذر من الحلقات اللامتناهية وتحقق من شرط التوقف.
def factorial(n): return 1 if n==0 else n*factorial(n-1),تأكد من التعامل مع الدوال العودية بشكل صحيح لتجنب تجاوز الحد الأقصى للذاكرة.
for i in range(10): print(i),تأكد من أن الحلقات لديك لها شرط توقف واضح لتجنب الحلقات اللامتناهية.
import math; math.sqrt(16),تأكد من استيراد المكتبات فقط عند الحاجة.
def factorial(n): return 1 if n==0 else n*factorial(n-1),تأكد من التعامل مع الدوال العودية بشكل صحيح لتجنب تجاوز الحد الأقصى للذاكرة.
try: x = int(input()) except ValueError: print('Invalid'),تأكد من التعامل مع الأخطاء باستخدام try-except بشكل صحيح.
try: x = int(input()) except ValueError: print('Invalid'),تأكد من التعامل مع الأخطاء باستخدام try-except بشكل صحيح.
"numbers = [1,2,3]; total = sum(numbers)",يمكنك استخدام الدوال المدمجة مثل sum لتسهيل العمليات.
def factorial(n): return 1 if n==0 else n*factorial(n-1),تأكد من التعامل مع الدوال العودية بشكل صحيح لتجنب تجاوز الحد الأقصى للذاكرة.
"with open('file.txt','r') as f: data = f.read()",تأكد من إدارة الملفات بشكل صحيح باستخدام with.
"numbers = [1,2,3]; total = sum(numbers)",يمكنك استخدام الدوال المدمجة مثل sum لتسهيل العمليات.
if x > 0: print('Positive') else: print('Non-positive'),تأكد من تغطية جميع الحالات الممكنة في الشروط لتجنب الأخطاء المنطقية.
"with open('file.txt','r') as f: data = f.read()",تأكد من إدارة الملفات بشكل صحيح باستخدام with.
for i in range(10): print(i),تأكد من أن الحلقات لديك لها شرط توقف واضح لتجنب الحلقات اللامتناهية.
my_list = [i*2 for i in range(5)],استخدم comprehensions لتسهيل إنشاء القوائم بطريقة مختصرة.
for i in range(10): print(i),تأكد من أن الحلقات لديك لها شرط توقف واضح لتجنب الحلقات اللامتناهية.
if x > 0: print('Positive') else: print('Non-positive'),تأكد من تغطية جميع الحالات الممكنة في الشروط لتجنب الأخطاء المنطقية.
if x > 0: print('Positive') else: print('Non-positive'),تأكد من تغطية جميع الحالات الممكنة في الشروط لتجنب الأخطاء المنطقية.
if x > 0: print('Positive') else: print('Non-positive'),تأكد من تغطية جميع الحالات الممكنة في الشروط لتجنب الأخطاء المنطقية.
"numbers = [1,2,3]; total = sum(numbers)",يمكنك استخدام الدوال المدمجة مثل sum لتسهيل العمليات.
def factorial(n): return 1 if n==0 else n*factorial(n-1),تأكد من التعامل مع الدوال العودية بشكل صحيح لتجنب تجاوز الحد الأقصى للذاكرة.
"with open('file.txt','r') as f: data = f.read()",تأكد من إدارة الملفات بشكل صحيح باستخدام with.
my_list = [i*2 for i in range(5)],استخدم comprehensions لتسهيل إنشاء القوائم بطريقة مختصرة.
"def add(a, b): return a + b",يمكنك إضافة تعليقات Docstring لوصف وظيفة كل دالة.
for i in range(10): print(i),تأكد من أن الحلقات لديك لها شرط توقف واضح لتجنب الحلقات اللامتناهية.
for i in range(10): print(i),تأكد من أن الحلقات لديك لها شرط توقف واضح لتجنب الحلقات اللامتناهية.
while n > 0: n -= 1,احذر من الحلقات اللامتناهية وتحقق من شرط التوقف.
"def add(a, b): return a + b",يمكنك إضافة تعليقات Docstring لوصف وظيفة كل دالة.
import math; math.sqrt(16),تأكد من استيراد المكتبات فقط عند الحاجة.
"numbers = [1,2,3]; total = sum(numbers)",يمكنك استخدام الدوال المدمجة مثل sum لتسهيل العمليات.
my_list = [i*2 for i in range(5)],استخدم comprehensions لتسهيل إنشاء القوائم بطريقة مختصرة.
for i in range(10): print(i),تأكد من أن الحلقات لديك لها شرط توقف واضح لتجنب الحلقات اللامتناهية.
try: x = int(input()) except ValueError: print('Invalid'),تأكد من التعامل مع الأخطاء باستخدام try-except بشكل صحيح.
try: x = int(input()) except ValueError: print('Invalid'),تأكد من التعامل مع الأخطاء باستخدام try-except بشكل صحيح.
while n > 0: n -= 1,احذر من الحلقات اللامتناهية وتحقق من شرط التوقف.
def factorial(n): return 1 if n==0 else n*factorial(n-1),تأكد من التعامل مع الدوال العودية بشكل صحيح لتجنب تجاوز الحد الأقصى للذاكرة.
"def add(a, b): return a + b",يمكنك إضافة تعليقات Docstring لوصف وظيفة كل دالة.
try: x = int(input()) except ValueError: print('Invalid'),تأكد من التعامل مع الأخطاء باستخدام try-except بشكل صحيح.
def factorial(n): return 1 if n==0 else n*factorial(n-1),تأكد من التعامل مع الدوال العودية بشكل صحيح لتجنب تجاوز الحد الأقصى للذاكرة.
try: x = int(input()) except ValueError: print('Invalid'),تأكد من التعامل مع الأخطاء باستخدام try-except بشكل صحيح.
import math; math.sqrt(16),تأكد من استيراد المكتبات فقط عند الحاجة.
import math; math.sqrt(16),تأكد من استيراد المكتبات فقط عند الحاجة.
"numbers = [1,2,3]; total = sum(numbers)",يمكنك استخدام الدوال المدمجة مثل sum لتسهيل العمليات.
"with open('file.txt','r') as f: data = f.read()",تأكد من إدارة الملفات بشكل صحيح باستخدام with.
import math; math.sqrt(16),تأكد من استيراد المكتبات فقط عند الحاجة.
"with open('file.txt','r') as f: data = f.read()",تأكد من إدارة الملفات بشكل صحيح باستخدام with.
for i in range(10): print(i),تأكد من أن الحلقات لديك لها شرط توقف واضح لتجنب الحلقات اللامتناهية.
if x > 0: print('Positive') else: print('Non-positive'),تأكد من تغطية جميع الحالات الممكنة في الشروط لتجنب الأخطاء المنطقية.
def factorial(n): return 1 if n==0 else n*factorial(n-1),تأكد من التعامل مع الدوال العودية بشكل صحيح لتجنب تجاوز الحد الأقصى للذاكرة.
"def add(a, b): return a + b",يمكنك إضافة تعليقات Docstring لوصف وظيفة كل دالة.
my_list = [i*2 for i in range(5)],استخدم comprehensions لتسهيل إنشاء القوائم بطريقة مختصرة.
"def add(a, b): return a + b",يمكنك إضافة تعليقات Docstring لوصف وظيفة كل دالة.
try: x = int(input()) except ValueError: print('Invalid'),تأكد من التعامل مع الأخطاء باستخدام try-except بشكل صحيح.
try: x = int(input()) except ValueError: print('Invalid'),تأكد من التعامل مع الأخطاء باستخدام try-except بشكل صحيح.
"numbers = [1,2,3]; total = sum(numbers)",يمكنك استخدام الدوال المدمجة مثل sum لتسهيل العمليات.
"with open('file.txt','r') as f: data = f.read()",تأكد من إدارة الملفات بشكل صحيح باستخدام with.
"def add(a, b): return a + b",يمكنك إضافة تعليقات Docstring لوصف وظيفة كل دالة.
for i in range(10): print(i),تأكد من أن الحلقات لديك لها شرط توقف واضح لتجنب الحلقات اللامتناهية.
try: x = int(input()) except ValueError: print('Invalid'),تأكد من التعامل مع الأخطاء باستخدام try-except بشكل صحيح.
try: x = int(input()) except ValueError: print('Invalid'),تأكد من التعامل مع الأخطاء باستخدام try-except بشكل صحيح.
for i in range(10): print(i),تأكد من أن الحلقات لديك لها شرط توقف واضح لتجنب الحلقات اللامتناهية.
while n > 0: n -= 1,احذر من الحلقات اللامتناهية وتحقق من شرط التوقف.
for i in range(10): print(i),تأكد من أن الحلقات لديك لها شرط توقف واضح لتجنب الحلقات اللامتناهية.
"def add(a, b): return a + b",يمكنك إضافة تعليقات Docstring لوصف وظيفة كل دالة.
"with open('file.txt','r') as f: data = f.read()",تأكد من إدارة الملفات بشكل صحيح باستخدام with.
def factorial(n): return 1 if n==0 else n*factorial(n-1),تأكد من التعامل مع الدوال العودية بشكل صحيح لتجنب تجاوز الحد الأقصى للذاكرة.
"def add(a, b): return a + b",يمكنك إضافة تعليقات Docstring لوصف وظيفة كل دالة.
for i in range(10): print(i),تأكد من أن الحلقات لديك لها شرط توقف واضح لتجنب الحلقات اللامتناهية.
while n > 0: n -= 1,احذر من الحلقات اللامتناهية وتحقق من شرط التوقف.
my_list = [i*2 for i in range(5)],استخدم comprehensions لتسهيل إنشاء القوائم بطريقة مختصرة.
for i in range(10): print(i),تأكد من أن الحلقات لديك لها شرط توقف واضح لتجنب الحلقات اللامتناهية.
while n > 0: n -= 1,احذر من الحلقات اللامتناهية وتحقق من شرط التوقف.
try: x = int(input()) except ValueError: print('Invalid'),تأكد من التعامل مع الأخطاء باستخدام try-except بشكل صحيح.
if x > 0: print('Positive') else: print('Non-positive'),تأكد من تغطية جميع الحالات الممكنة في الشروط لتجنب الأخطاء المنطقية.
if x > 0: print('Positive') else: print('Non-positive'),تأكد من تغطية جميع الحالات الممكنة في الشروط لتجنب الأخطاء المنطقية.
"with open('file.txt','r') as f: data = f.read()",تأكد من إدارة الملفات بشكل صحيح باستخدام with.
"numbers = [1,2,3]; total = sum(numbers)",يمكنك استخدام الدوال المدمجة مثل sum لتسهيل العمليات.
my_list = [i*2 for i in range(5)],استخدم comprehensions لتسهيل إنشاء القوائم بطريقة مختصرة.
"numbers = [1,2,3]; total = sum(numbers)",يمكنك استخدام الدوال المدمجة مثل sum لتسهيل العمليات.
my_list = [i*2 for i in range(5)],استخدم comprehensions لتسهيل إنشاء القوائم بطريقة مختصرة.
if x > 0: print('Positive') else: print('Non-positive'),تأكد من تغطية جميع الحالات الممكنة في الشروط لتجنب الأخطاء المنطقية.
"with open('file.txt','r') as f: data = f.read()",تأكد من إدارة الملفات بشكل صحيح باستخدام with.
for i in range(10): print(i),تأكد من أن الحلقات لديك لها شرط توقف واضح لتجنب الحلقات اللامتناهية.
def factorial(n): return 1 if n==0 else n*factorial(n-1),تأكد من التعامل مع الدوال العودية بشكل صحيح لتجنب تجاوز الحد الأقصى للذاكرة.
while n > 0: n -= 1,احذر من الحلقات اللامتناهية وتحقق من شرط التوقف.
try: x = int(input()) except ValueError: print('Invalid'),تأكد من التعامل مع الأخطاء باستخدام try-except بشكل صحيح.
if x > 0: print('Positive') else: print('Non-positive'),تأكد من تغطية جميع الحالات الممكنة في الشروط لتجنب الأخطاء المنطقية.
"def add(a, b): return a + b",يمكنك إضافة تعليقات Docstring لوصف وظيفة كل دالة.
import math; math.sqrt(16),تأكد من استيراد المكتبات فقط عند الحاجة.
try: x = int(input()) except ValueError: print('Invalid'),تأكد من التعامل مع الأخطاء باستخدام try-except بشكل صحيح.
while n > 0: n -= 1,احذر من الحلقات اللامتناهية وتحقق من شرط التوقف.
"def add(a, b): return a + b",يمكنك إضافة تعليقات Docstring لوصف وظيفة كل دالة.
import math; math.sqrt(16),تأكد من استيراد المكتبات فقط عند الحاجة.
while n > 0: n -= 1,احذر من الحلقات اللامتناهية وتحقق من شرط التوقف.
"numbers = [1,2,3]; total = sum(numbers)",يمكنك استخدام الدوال المدمجة مثل sum لتسهيل العمليات.
def factorial(n): return 1 if n==0 else n*factorial(n-1),تأكد من التعامل مع الدوال العودية بشكل صحيح لتجنب تجاوز الحد الأقصى للذاكرة.
def factorial(n): return 1 if n==0 else n*factorial(n-1),تأكد من التعامل مع الدوال العودية بشكل صحيح لتجنب تجاوز الحد الأقصى للذاكرة.
for i in range(10): print(i),تأكد من أن الحلقات لديك لها شرط توقف واضح لتجنب الحلقات اللامتناهية.
"with open('file.txt','r') as f: data = f.read()",تأكد من إدارة الملفات بشكل صحيح باستخدام with.
my_list = [i*2 for i in range(5)],استخدم comprehensions لتسهيل إنشاء القوائم بطريقة مختصرة.
try: x = int(input()) except ValueError: print('Invalid'),تأكد من التعامل مع الأخطاء باستخدام try-except بشكل صحيح.
import math; math.sqrt(16),تأكد من استيراد المكتبات فقط عند الحاجة.
"def add(a, b): return a + b",يمكنك إضافة تعليقات Docstring لوصف وظيفة كل دالة.
if x > 0: print('Positive') else: print('Non-positive'),تأكد من تغطية جميع الحالات الممكنة في الشروط لتجنب الأخطاء المنطقية.
while n > 0: n -= 1,احذر من الحلقات اللامتناهية وتحقق من شرط التوقف.
def factorial(n): return 1 if n==0 else n*factorial(n-1),تأكد من التعامل مع الدوال العودية بشكل صحيح لتجنب تجاوز الحد الأقصى للذاكرة.
import math; math.sqrt(16),تأكد من استيراد المكتبات فقط عند الحاجة.
try: x = int(input()) except ValueError: print('Invalid'),تأكد من التعامل مع الأخطاء باستخدام try-except بشكل صحيح.
if x > 0: print('Positive') else: print('Non-positive'),تأكد من تغطية جميع الحالات الممكنة في الشروط لتجنب الأخطاء المنطقية.
"with open('file.txt','r') as f: data = f.read()",تأكد من إدارة الملفات بشكل صحيح باستخدام with.
def factorial(n): return 1 if n==0 else n*factorial(n-1),تأكد من التعامل مع الدوال العودية بشكل صحيح لتجنب تجاوز الحد الأقصى للذاكرة.
try: x = int(input()) except ValueError: print('Invalid'),تأكد من التعامل مع الأخطاء باستخدام try-except بشكل صحيح.
"numbers = [1,2,3]; total = sum(numbers)",يمكنك استخدام الدوال المدمجة مثل sum لتسهيل العمليات.
my_list = [i*2 for i in range(5)],استخدم comprehensions لتسهيل إنشاء القوائم بطريقة مختصرة.
try: x = int(input()) except ValueError: print('Invalid'),تأكد من التعامل مع الأخطاء باستخدام try-except بشكل صحيح.
"numbers = [1,2,3]; total = sum(numbers)",يمكنك استخدام الدوال المدمجة مثل sum لتسهيل العمليات.
try: x = int(input()) except ValueError: print('Invalid'),تأكد من التعامل مع الأخطاء باستخدام try-except بشكل صحيح.
try: x = int(input()) except ValueError: print('Invalid'),تأكد من التعامل مع الأخطاء باستخدام try-except بشكل صحيح.
my_list = [i*2 for i in range(5)],استخدم comprehensions لتسهيل إنشاء القوائم بطريقة مختصرة.
try: x = int(input()) except ValueError: print('Invalid'),تأكد من التعامل مع الأخطاء باستخدام try-except بشكل صحيح.
"numbers = [1,2,3]; total = sum(numbers)",يمكنك استخدام الدوال المدمجة مثل sum لتسهيل العمليات.
def factorial(n): return 1 if n==0 else n*factorial(n-1),تأكد من التعامل مع الدوال العودية بشكل صحيح لتجنب تجاوز الحد الأقصى للذاكرة.
try: x = int(input()) except ValueError: print('Invalid'),تأكد من التعامل مع الأخطاء باستخدام try-except بشكل صحيح.
"def add(a, b): return a + b",يمكنك إضافة تعليقات Docstring لوصف وظيفة كل دالة.
def factorial(n): return 1 if n==0 else n*factorial(n-1),تأكد من التعامل مع الدوال العودية بشكل صحيح لتجنب تجاوز الحد الأقصى للذاكرة.
"def add(a, b): return a + b",يمكنك إضافة تعليقات Docstring لوصف وظيفة كل دالة.
"def add(a, b): return a + b",يمكنك إضافة تعليقات Docstring لوصف وظيفة كل دالة.
"def add(a, b): return a + b",يمكنك إضافة تعليقات Docstring لوصف وظيفة كل دالة.
"def add(a, b): return a + b",يمكنك إضافة تعليقات Docstring لوصف وظيفة كل دالة.
import math; math.sqrt(16),تأكد من استيراد المكتبات فقط عند الحاجة.
my_list = [i*2 for i in range(5)],استخدم comprehensions لتسهيل إنشاء القوائم بطريقة مختصرة.
my_list = [i*2 for i in range(5)],استخدم comprehensions لتسهيل إنشاء القوائم بطريقة مختصرة.
def factorial(n): return 1 if n==0 else n*factorial(n-1),تأكد من التعامل مع الدوال العودية بشكل صحيح لتجنب تجاوز الحد الأقصى للذاكرة.
try: x = int(input()) except ValueError: print('Invalid'),تأكد من التعامل مع الأخطاء باستخدام try-except بشكل صحيح.
"def add(a, b): return a + b",يمكنك إضافة تعليقات Docstring لوصف وظيفة كل دالة.
"def add(a, b): return a + b",يمكنك إضافة تعليقات Docstring لوصف وظيفة كل دالة.
if x > 0: print('Positive') else: print('Non-positive'),تأكد من تغطية جميع الحالات الممكنة في الشروط لتجنب الأخطاء المنطقية.
try: x = int(input()) except ValueError: print('Invalid'),تأكد من التعامل مع الأخطاء باستخدام try-except بشكل صحيح.
"numbers = [1,2,3]; total = sum(numbers)",يمكنك استخدام الدوال المدمجة مثل sum لتسهيل العمليات.
"with open('file.txt','r') as f: data = f.read()",تأكد من إدارة الملفات بشكل صحيح باستخدام with.
my_list = [i*2 for i in range(5)],استخدم comprehensions لتسهيل إنشاء القوائم بطريقة مختصرة.
import math; math.sqrt(16),تأكد من استيراد المكتبات فقط عند الحاجة.
my_list = [i*2 for i in range(5)],استخدم comprehensions لتسهيل إنشاء القوائم بطريقة مختصرة.
"with open('file.txt','r') as f: data = f.read()",تأكد من إدارة الملفات بشكل صحيح باستخدام with.
def factorial(n): return 1 if n==0 else n*factorial(n-1),تأكد من التعامل مع الدوال العودية بشكل صحيح لتجنب تجاوز الحد الأقصى للذاكرة.
my_list = [i*2 for i in range(5)],استخدم comprehensions لتسهيل إنشاء القوائم بطريقة مختصرة.
for i in range(10): print(i),تأكد من أن الحلقات لديك لها شرط توقف واضح لتجنب الحلقات اللامتناهية.
"def add(a, b): return a + b",يمكنك إضافة تعليقات Docstring لوصف وظيفة كل دالة.
"numbers = [1,2,3]; total = sum(numbers)",يمكنك استخدام الدوال المدمجة مثل sum لتسهيل العمليات.
for i in range(10): print(i),تأكد من أن الحلقات لديك لها شرط توقف واضح لتجنب الحلقات اللامتناهية.
my_list = [i*2 for i in range(5)],استخدم comprehensions لتسهيل إنشاء القوائم بطريقة مختصرة.
try: x = int(input()) except ValueError: print('Invalid'),تأكد من التعامل مع الأخطاء باستخدام try-except بشكل صحيح.
if x > 0: print('Positive') else: print('Non-positive'),تأكد من تغطية جميع الحالات الممكنة في الشروط لتجنب الأخطاء المنطقية.
try: x = int(input()) except ValueError: print('Invalid'),تأكد من التعامل مع الأخطاء باستخدام try-except بشكل صحيح.
if x > 0: print('Positive') else: print('Non-positive'),تأكد من تغطية جميع الحالات الممكنة في الشروط لتجنب الأخطاء المنطقية.
import math; math.sqrt(16),تأكد من استيراد المكتبات فقط عند الحاجة.
for i in range(10): print(i),تأكد من أن الحلقات لديك لها شرط توقف واضح لتجنب الحلقات اللامتناهية.
try: x = int(input()) except ValueError: print('Invalid'),تأكد من التعامل مع الأخطاء باستخدام try-except بشكل صحيح.
try: x = int(input()) except ValueError: print('Invalid'),تأكد من التعامل مع الأخطاء باستخدام try-except بشكل صحيح.
while n > 0: n -= 1,احذر من الحلقات اللامتناهية وتحقق من شرط التوقف.
"with open('file.txt','r') as f: data = f.read()",تأكد من إدارة الملفات بشكل صحيح باستخدام with.
my_list = [i*2 for i in range(5)],استخدم comprehensions لتسهيل إنشاء القوائم بطريقة مختصرة.
"numbers = [1,2,3]; total = sum(numbers)",يمكنك استخدام الدوال المدمجة مثل sum لتسهيل العمليات.
if x > 0: print('Positive') else: print('Non-positive'),تأكد من تغطية جميع الحالات الممكنة في الشروط لتجنب الأخطاء المنطقية.
import math; math.sqrt(16),تأكد من استيراد المكتبات فقط عند الحاجة.
try: x = int(input()) except ValueError: print('Invalid'),تأكد من التعامل مع الأخطاء باستخدام try-except بشكل صحيح.
"with open('file.txt','r') as f: data = f.read()",تأكد من إدارة الملفات بشكل صحيح باستخدام with.
while n > 0: n -= 1,احذر من الحلقات اللامتناهية وتحقق من شرط التوقف.
import math; math.sqrt(16),تأكد من استيراد المكتبات فقط عند الحاجة.
for i in range(10): print(i),تأكد من أن الحلقات لديك لها شرط توقف واضح لتجنب الحلقات اللامتناهية.
for i in range(10): print(i),تأكد من أن الحلقات لديك لها شرط توقف واضح لتجنب الحلقات اللامتناهية.
if x > 0: print('Positive') else: print('Non-positive'),تأكد من تغطية جميع الحالات الممكنة في الشروط لتجنب الأخطاء المنطقية.
for i in range(10): print(i),تأكد من أن الحلقات لديك لها شرط توقف واضح لتجنب الحلقات اللامتناهية.
for i in range(10): print(i),تأكد من أن الحلقات لديك لها شرط توقف واضح لتجنب الحلقات اللامتناهية.
"with open('file.txt','r') as f: data = f.read()",تأكد من إدارة الملفات بشكل صحيح باستخدام with.
"def add(a, b): return a + b",يمكنك إضافة تعليقات Docstring لوصف وظيفة كل دالة.
"with open('file.txt','r') as f: data = f.read()",تأكد من إدارة الملفات بشكل صحيح باستخدام with.
"def add(a, b): return a + b",يمكنك إضافة تعليقات Docstring لوصف وظيفة كل دالة.
my_list = [i*2 for i in range(5)],استخدم comprehensions لتسهيل إنشاء القوائم بطريقة مختصرة.
for i in range(10): print(i),تأكد من أن الحلقات لديك لها شرط توقف واضح لتجنب الحلقات اللامتناهية.
"numbers = [1,2,3]; total = sum(numbers)",يمكنك استخدام الدوال المدمجة مثل sum لتسهيل العمليات.
def factorial(n): return 1 if n==0 else n*factorial(n-1),تأكد من التعامل مع الدوال العودية بشكل صحيح لتجنب تجاوز الحد الأقصى للذاكرة.
def factorial(n): return 1 if n==0 else n*factorial(n-1),تأكد من التعامل مع الدوال العودية بشكل صحيح لتجنب تجاوز الحد الأقصى للذاكرة.
"def add(a, b): return a + b",يمكنك إضافة تعليقات Docstring لوصف وظيفة كل دالة.
def factorial(n): return 1 if n==0 else n*factorial(n-1),تأكد من التعامل مع الدوال العودية بشكل صحيح لتجنب تجاوز الحد الأقصى للذاكرة.
def factorial(n): return 1 if n==0 else n*factorial(n-1),تأكد من التعامل مع الدوال العودية بشكل صحيح لتجنب تجاوز الحد الأقصى للذاكرة.
"with open('file.txt','r') as f: data = f.read()",تأكد من إدارة الملفات بشكل صحيح باستخدام with.
import math; math.sqrt(16),تأكد من استيراد المكتبات فقط عند الحاجة.
"def add(a, b): return a + b",يمكنك إضافة تعليقات Docstring لوصف وظيفة كل دالة.
def factorial(n): return 1 if n==0 else n*factorial(n-1),تأكد من التعامل مع الدوال العودية بشكل صحيح لتجنب تجاوز الحد الأقصى للذاكرة.
import math; math.sqrt(16),تأكد من استيراد المكتبات فقط عند الحاجة.
"def add(a, b): return a + b",يمكنك إضافة تعليقات Docstring لوصف وظيفة كل دالة.
import math; math.sqrt(16),تأكد من استيراد المكتبات فقط عند الحاجة.
"def add(a, b): return a + b",يمكنك إضافة تعليقات Docstring لوصف وظيفة كل دالة.
try: x = int(input()) except ValueError: print('Invalid'),تأكد من التعامل مع الأخطاء باستخدام try-except بشكل صحيح.
"numbers = [1,2,3]; total = sum(numbers)",يمكنك استخدام الدوال المدمجة مثل sum لتسهيل العمليات.
while n > 0: n -= 1,احذر من الحلقات اللامتناهية وتحقق من شرط التوقف.
"with open('file.txt','r') as f: data = f.read()",تأكد من إدارة الملفات بشكل صحيح باستخدام with.
for i in range(10): print(i),تأكد من أن الحلقات لديك لها شرط توقف واضح لتجنب الحلقات اللامتناهية.
import math; math.sqrt(16),تأكد من استيراد المكتبات فقط عند الحاجة.
if x > 0: print('Positive') else: print('Non-positive'),تأكد من تغطية جميع الحالات الممكنة في الشروط لتجنب الأخطاء المنطقية.
while n > 0: n -= 1,احذر من الحلقات اللامتناهية وتحقق من شرط التوقف.
for i in range(10): print(i),تأكد من أن الحلقات لديك لها شرط توقف واضح لتجنب الحلقات اللامتناهية.
"numbers = [1,2,3]; total = sum(numbers)",يمكنك استخدام الدوال المدمجة مثل sum لتسهيل العمليات.
def factorial(n): return 1 if n==0 else n*factorial(n-1),تأكد من التعامل مع الدوال العودية بشكل صحيح لتجنب تجاوز الحد الأقصى للذاكرة.
"def add(a, b): return a + b",يمكنك إضافة تعليقات Docstring لوصف وظيفة كل دالة.
try: x = int(input()) except ValueError: print('Invalid'),تأكد من التعامل مع الأخطاء باستخدام try-except بشكل صحيح.
import math; math.sqrt(16),تأكد من استيراد المكتبات فقط عند الحاجة.
while n > 0: n -= 1,احذر من الحلقات اللامتناهية وتحقق من شرط التوقف.
try: x = int(input()) except ValueError: print('Invalid'),تأكد من التعامل مع الأخطاء باستخدام try-except بشكل صحيح.
if x > 0: print('Positive') else: print('Non-positive'),تأكد من تغطية جميع الحالات الممكنة في الشروط لتجنب الأخطاء المنطقية.
my_list = [i*2 for i in range(5)],استخدم comprehensions لتسهيل إنشاء القوائم بطريقة مختصرة.
try: x = int(input()) except ValueError: print('Invalid'),تأكد من التعامل مع الأخطاء باستخدام try-except بشكل صحيح.
while n > 0: n -= 1,احذر من الحلقات اللامتناهية وتحقق من شرط التوقف.
"def add(a, b): return a + b",يمكنك إضافة تعليقات Docstring لوصف وظيفة كل دالة.
"with open('file.txt','r') as f: data = f.read()",تأكد من إدارة الملفات بشكل صحيح باستخدام with.
def factorial(n): return 1 if n==0 else n*factorial(n-1),تأكد من التعامل مع الدوال العودية بشكل صحيح لتجنب تجاوز الحد الأقصى للذاكرة.
import math; math.sqrt(16),تأكد من استيراد المكتبات فقط عند الحاجة.
"def add(a, b): return a + b",يمكنك إضافة تعليقات Docstring لوصف وظيفة كل دالة.
"numbers = [1,2,3]; total = sum(numbers)",يمكنك استخدام الدوال المدمجة مثل sum لتسهيل العمليات.
try: x = int(input()) except ValueError: print('Invalid'),تأكد من التعامل مع الأخطاء باستخدام try-except بشكل صحيح.
if x > 0: print('Positive') else: print('Non-positive'),تأكد من تغطية جميع الحالات الممكنة في الشروط لتجنب الأخطاء المنطقية.
"numbers = [1,2,3]; total = sum(numbers)",يمكنك استخدام الدوال المدمجة مثل sum لتسهيل العمليات.
"def add(a, b): return a + b",يمكنك إضافة تعليقات Docstring لوصف وظيفة كل دالة.
import math; math.sqrt(16),تأكد من استيراد المكتبات فقط عند الحاجة.
"with open('file.txt','r') as f: data = f.read()",تأكد من إدارة الملفات بشكل صحيح باستخدام with.
"with open('file.txt','r') as f: data = f.read()",تأكد من إدارة الملفات بشكل صحيح باستخدام with.
import math; math.sqrt(16),تأكد من استيراد المكتبات فقط عند الحاجة.
for i in range(10): print(i),تأكد من أن الحلقات لديك لها شرط توقف واضح لتجنب الحلقات اللامتناهية.
"numbers = [1,2,3]; total = sum(numbers)",يمكنك استخدام الدوال المدمجة مثل sum لتسهيل العمليات.
while n > 0: n -= 1,احذر من الحلقات اللامتناهية وتحقق من شرط التوقف.
for i in range(10): print(i),تأكد من أن الحلقات لديك لها شرط توقف واضح لتجنب الحلقات اللامتناهية.
def factorial(n): return 1 if n==0 else n*factorial(n-1),تأكد من التعامل مع الدوال العودية بشكل صحيح لتجنب تجاوز الحد الأقصى للذاكرة.
import math; math.sqrt(16),تأكد من استيراد المكتبات فقط عند الحاجة.
if x > 0: print('Positive') else: print('Non-positive'),تأكد من تغطية جميع الحالات الممكنة في الشروط لتجنب الأخطاء المنطقية.
def factorial(n): return 1 if n==0 else n*factorial(n-1),تأكد من التعامل مع الدوال العودية بشكل صحيح لتجنب تجاوز الحد الأقصى للذاكرة.
def factorial(n): return 1 if n==0 else n*factorial(n-1),تأكد من التعامل مع الدوال العودية بشكل صحيح لتجنب تجاوز الحد الأقصى للذاكرة.
if x > 0: print('Positive') else: print('Non-positive'),تأكد من تغطية جميع الحالات الممكنة في الشروط لتجنب الأخطاء المنطقية.
while n > 0: n -= 1,احذر من الحلقات اللامتناهية وتحقق من شرط التوقف.
my_list = [i*2 for i in range(5)],استخدم comprehensions لتسهيل إنشاء القوائم بطريقة مختصرة.
try: x = int(input()) except ValueError: print('Invalid'),تأكد من التعامل مع الأخطاء باستخدام try-except بشكل صحيح.
my_list = [i*2 for i in range(5)],استخدم comprehensions لتسهيل إنشاء القوائم بطريقة مختصرة.
def factorial(n): return 1 if n==0 else n*factorial(n-1),تأكد من التعامل مع الدوال العودية بشكل صحيح لتجنب تجاوز الحد الأقصى للذاكرة.
import math; math.sqrt(16),تأكد من استيراد المكتبات فقط عند الحاجة.
import math; math.sqrt(16),تأكد من استيراد المكتبات فقط عند الحاجة.
def factorial(n): return 1 if n==0 else n*factorial(n-1),تأكد من التعامل مع الدوال العودية بشكل صحيح لتجنب تجاوز الحد الأقصى للذاكرة.
"numbers = [1,2,3]; total = sum(numbers)",يمكنك استخدام الدوال المدمجة مثل sum لتسهيل العمليات.
"numbers = [1,2,3]; total = sum(numbers)",يمكنك استخدام الدوال المدمجة مثل sum لتسهيل العمليات.
while n > 0: n -= 1,احذر من الحلقات اللامتناهية وتحقق من شرط التوقف.
for i in range(10): print(i),تأكد من أن الحلقات لديك لها شرط توقف واضح لتجنب الحلقات اللامتناهية.
if x > 0: print('Positive') else: print('Non-positive'),تأكد من تغطية جميع الحالات الممكنة في الشروط لتجنب الأخطاء المنطقية.
"def add(a, b): return a + b",يمكنك إضافة تعليقات Docstring لوصف وظيفة كل دالة.
"with open('file.txt','r') as f: data = f.read()",تأكد من إدارة الملفات بشكل صحيح باستخدام with.
try: x = int(input()) except ValueError: print('Invalid'),تأكد من التعامل مع الأخطاء باستخدام try-except بشكل صحيح.
"def add(a, b): return a + b",يمكنك إضافة تعليقات Docstring لوصف وظيفة كل دالة.
"with open('file.txt','r') as f: data = f.read()",تأكد من إدارة الملفات بشكل صحيح باستخدام with.
try: x = int(input()) except ValueError: print('Invalid'),تأكد من التعامل مع الأخطاء باستخدام try-except بشكل صحيح.
"with open('file.txt','r') as f: data = f.read()",تأكد من إدارة الملفات بشكل صحيح باستخدام with.
import math; math.sqrt(16),تأكد من استيراد المكتبات فقط عند الحاجة.
try: x = int(input()) except ValueError: print('Invalid'),تأكد من التعامل مع الأخطاء باستخدام try-except بشكل صحيح.
def factorial(n): return 1 if n==0 else n*factorial(n-1),تأكد من التعامل مع الدوال العودية بشكل صحيح لتجنب تجاوز الحد الأقصى للذاكرة.
"with open('file.txt','r') as f: data = f.read()",تأكد من إدارة الملفات بشكل صحيح باستخدام with.
import math; math.sqrt(16),تأكد من استيراد المكتبات فقط عند الحاجة.
my_list = [i*2 for i in range(5)],استخدم comprehensions لتسهيل إنشاء القوائم بطريقة مختصرة.
def factorial(n): return 1 if n==0 else n*factorial(n-1),تأكد من التعامل مع الدوال العودية بشكل صحيح لتجنب تجاوز الحد الأقصى للذاكرة.
for i in range(10): print(i),تأكد من أن الحلقات لديك لها شرط توقف واضح لتجنب الحلقات اللامتناهية.
try: x = int(input()) except ValueError: print('Invalid'),تأكد من التعامل مع الأخطاء باستخدام try-except بشكل صحيح.
for i in range(10): print(i),تأكد من أن الحلقات لديك لها شرط توقف واضح لتجنب الحلقات اللامتناهية.
my_list = [i*2 for i in range(5)],استخدم comprehensions لتسهيل إنشاء القوائم بطريقة مختصرة.
"def add(a, b): return a + b",يمكنك إضافة تعليقات Docstring لوصف وظيفة كل دالة.
"with open('file.txt','r') as f: data = f.read()",تأكد من إدارة الملفات بشكل صحيح باستخدام with.
while n > 0: n -= 1,احذر من الحلقات اللامتناهية وتحقق من شرط التوقف.
def factorial(n): return 1 if n==0 else n*factorial(n-1),تأكد من التعامل مع الدوال العودية بشكل صحيح لتجنب تجاوز الحد الأقصى للذاكرة.
for i in range(10): print(i),تأكد من أن الحلقات لديك لها شرط توقف واضح لتجنب الحلقات اللامتناهية.
try: x = int(input()) except ValueError: print('Invalid'),تأكد من التعامل مع الأخطاء باستخدام try-except بشكل صحيح.
try: x = int(input()) except ValueError: print('Invalid'),تأكد من التعامل مع الأخطاء باستخدام try-except بشكل صحيح.
try: x = int(input()) except ValueError: print('Invalid'),تأكد من التعامل مع الأخطاء باستخدام try-except بشكل صحيح.
for i in range(10): print(i),تأكد من أن الحلقات لديك لها شرط توقف واضح لتجنب الحلقات اللامتناهية.
"numbers = [1,2,3]; total = sum(numbers)",يمكنك استخدام الدوال المدمجة مثل sum لتسهيل العمليات.
while n > 0: n -= 1,احذر من الحلقات اللامتناهية وتحقق من شرط التوقف.
"with open('file.txt','r') as f: data = f.read()",تأكد من إدارة الملفات بشكل صحيح باستخدام with.
"def add(a, b): return a + b",يمكنك إضافة تعليقات Docstring لوصف وظيفة كل دالة.
"with open('file.txt','r') as f: data = f.read()",تأكد من إدارة الملفات بشكل صحيح باستخدام with.
import math; math.sqrt(16),تأكد من استيراد المكتبات فقط عند الحاجة.
while n > 0: n -= 1,احذر من الحلقات اللامتناهية وتحقق من شرط التوقف.
try: x = int(input()) except ValueError: print('Invalid'),تأكد من التعامل مع الأخطاء باستخدام try-except بشكل صحيح.
"with open('file.txt','r') as f: data = f.read()",تأكد من إدارة الملفات بشكل صحيح باستخدام with.
"with open('file.txt','r') as f: data = f.read()",تأكد من إدارة الملفات بشكل صحيح باستخدام with.
import math; math.sqrt(16),تأكد من استيراد المكتبات فقط عند الحاجة.
def factorial(n): return 1 if n==0 else n*factorial(n-1),تأكد من التعامل مع الدوال العودية بشكل صحيح لتجنب تجاوز الحد الأقصى للذاكرة.
"def add(a, b): return a + b",يمكنك إضافة تعليقات Docstring لوصف وظيفة كل دالة.
try: x = int(input()) except ValueError: print('Invalid'),تأكد من التعامل مع الأخطاء باستخدام try-except بشكل صحيح.
def factorial(n): return 1 if n==0 else n*factorial(n-1),تأكد من التعامل مع الدوال العودية بشكل صحيح لتجنب تجاوز الحد الأقصى للذاكرة.
"with open('file.txt','r') as f: data = f.read()",تأكد من إدارة الملفات بشكل صحيح باستخدام with.
def factorial(n): return 1 if n==0 else n*factorial(n-1),تأكد من التعامل مع الدوال العودية بشكل صحيح لتجنب تجاوز الحد الأقصى للذاكرة.
"with open('file.txt','r') as f: data = f.read()",تأكد من إدارة الملفات بشكل صحيح باستخدام with.
def factorial(n): return 1 if n==0 else n*factorial(n-1),تأكد من التعامل مع الدوال العودية بشكل صحيح لتجنب تجاوز الحد الأقصى للذاكرة.
for i in range(10): print(i),تأكد من أن الحلقات لديك لها شرط توقف واضح لتجنب الحلقات اللامتناهية.
my_list = [i*2 for i in range(5)],استخدم comprehensions لتسهيل إنشاء القوائم بطريقة مختصرة.
if x > 0: print('Positive') else: print('Non-positive'),تأكد من تغطية جميع الحالات الممكنة في الشروط لتجنب الأخطاء المنطقية.
try: x = int(input()) except ValueError: print('Invalid'),تأكد من التعامل مع الأخطاء باستخدام try-except بشكل صحيح.
"def add(a, b): return a + b",يمكنك إضافة تعليقات Docstring لوصف وظيفة كل دالة.
"with open('file.txt','r') as f: data = f.read()",تأكد من إدارة الملفات بشكل صحيح باستخدام with.
"with open('file.txt','r') as f: data = f.read()",تأكد من إدارة الملفات بشكل صحيح باستخدام with.
def factorial(n): return 1 if n==0 else n*factorial(n-1),تأكد من التعامل مع الدوال العودية بشكل صحيح لتجنب تجاوز الحد الأقصى للذاكرة.
for i in range(10): print(i),تأكد من أن الحلقات لديك لها شرط توقف واضح لتجنب الحلقات اللامتناهية.
def factorial(n): return 1 if n==0 else n*factorial(n-1),تأكد من التعامل مع الدوال العودية بشكل صحيح لتجنب تجاوز الحد الأقصى للذاكرة.
my_list = [i*2 for i in range(5)],استخدم comprehensions لتسهيل إنشاء القوائم بطريقة مختصرة.
def factorial(n): return 1 if n==0 else n*factorial(n-1),تأكد من التعامل مع الدوال العودية بشكل صحيح لتجنب تجاوز الحد الأقصى للذاكرة.
try: x = int(input()) except ValueError: print('Invalid'),تأكد من التعامل مع الأخطاء باستخدام try-except بشكل صحيح.
for i in range(10): print(i),تأكد من أن الحلقات لديك لها شرط توقف واضح لتجنب الحلقات اللامتناهية.
"numbers = [1,2,3]; total = sum(numbers)",يمكنك استخدام الدوال المدمجة مثل sum لتسهيل العمليات.
import math; math.sqrt(16),تأكد من استيراد المكتبات فقط عند الحاجة.
"def add(a, b): return a + b",يمكنك إضافة تعليقات Docstring لوصف وظيفة كل دالة.
for i in range(10): print(i),تأكد من أن الحلقات لديك لها شرط توقف واضح لتجنب الحلقات اللامتناهية.
try: x = int(input()) except ValueError: print('Invalid'),تأكد من التعامل مع الأخطاء باستخدام try-except بشكل صحيح.
while n > 0: n -= 1,احذر من الحلقات اللامتناهية وتحقق من شرط التوقف.
import math; math.sqrt(16),تأكد من استيراد المكتبات فقط عند الحاجة.
"with open('file.txt','r') as f: data = f.read()",تأكد من إدارة الملفات بشكل صحيح باستخدام with.
while n > 0: n -= 1,احذر من الحلقات اللامتناهية وتحقق من شرط التوقف.
"def add(a, b): return a + b",يمكنك إضافة تعليقات Docstring لوصف وظيفة كل دالة.
import math; math.sqrt(16),تأكد من استيراد المكتبات فقط عند الحاجة.
"with open('file.txt','r') as f: data = f.read()",تأكد من إدارة الملفات بشكل صحيح باستخدام with.
"def add(a, b): return a + b",يمكنك إضافة تعليقات Docstring لوصف وظيفة كل دالة.
import math; math.sqrt(16),تأكد من استيراد المكتبات فقط عند الحاجة.
for i in range(10): print(i),تأكد من أن الحلقات لديك لها شرط توقف واضح لتجنب الحلقات اللامتناهية.
"numbers = [1,2,3]; total = sum(numbers)",يمكنك استخدام الدوال المدمجة مثل sum لتسهيل العمليات.
"numbers = [1,2,3]; total = sum(numbers)",يمكنك استخدام الدوال المدمجة مثل sum لتسهيل العمليات.
import math; math.sqrt(16),تأكد من استيراد المكتبات فقط عند الحاجة.
"with open('file.txt','r') as f: data = f.read()",تأكد من إدارة الملفات بشكل صحيح باستخدام with.
my_list = [i*2 for i in range(5)],استخدم comprehensions لتسهيل إنشاء القوائم بطريقة مختصرة.
"def add(a, b): return a + b",يمكنك إضافة تعليقات Docstring لوصف وظيفة كل دالة.
while n > 0: n -= 1,احذر من الحلقات اللامتناهية وتحقق من شرط التوقف.
"def add(a, b): return a + b",يمكنك إضافة تعليقات Docstring لوصف وظيفة كل دالة.
import math; math.sqrt(16),تأكد من استيراد المكتبات فقط عند الحاجة.
def factorial(n): return 1 if n==0 else n*factorial(n-1),تأكد من التعامل مع الدوال العودية بشكل صحيح لتجنب تجاوز الحد الأقصى للذاكرة.
while n > 0: n -= 1,احذر من الحلقات اللامتناهية وتحقق من شرط التوقف.
def factorial(n): return 1 if n==0 else n*factorial(n-1),تأكد من التعامل مع الدوال العودية بشكل صحيح لتجنب تجاوز الحد الأقصى للذاكرة.
for i in range(10): print(i),تأكد من أن الحلقات لديك لها شرط توقف واضح لتجنب الحلقات اللامتناهية.
def factorial(n): return 1 if n==0 else n*factorial(n-1),تأكد من التعامل مع الدوال العودية بشكل صحيح لتجنب تجاوز الحد الأقصى للذاكرة.
"with open('file.txt','r') as f: data = f.read()",تأكد من إدارة الملفات بشكل صحيح باستخدام with.
try: x = int(input()) except ValueError: print('Invalid'),تأكد من التعامل مع الأخطاء باستخدام try-except بشكل صحيح.
"numbers = [1,2,3]; total = sum(numbers)",يمكنك استخدام الدوال المدمجة مثل sum لتسهيل العمليات.
def factorial(n): return 1 if n==0 else n*factorial(n-1),تأكد من التعامل مع الدوال العودية بشكل صحيح لتجنب تجاوز الحد الأقصى للذاكرة.
"numbers = [1,2,3]; total = sum(numbers)",يمكنك استخدام الدوال المدمجة مثل sum لتسهيل العمليات.
try: x = int(input()) except ValueError: print('Invalid'),تأكد من التعامل مع الأخطاء باستخدام try-except بشكل صحيح.
def factorial(n): return 1 if n==0 else n*factorial(n-1),تأكد من التعامل مع الدوال العودية بشكل صحيح لتجنب تجاوز الحد الأقصى للذاكرة.
my_list = [i*2 for i in range(5)],استخدم comprehensions لتسهيل إنشاء القوائم بطريقة مختصرة.
try: x = int(input()) except ValueError: print('Invalid'),تأكد من التعامل مع الأخطاء باستخدام try-except بشكل صحيح.
import math; math.sqrt(16),تأكد من استيراد المكتبات فقط عند الحاجة.
for i in range(10): print(i),تأكد من أن الحلقات لديك لها شرط توقف واضح لتجنب الحلقات اللامتناهية.
import math; math.sqrt(16),تأكد من استيراد المكتبات فقط عند الحاجة.
if x > 0: print('Positive') else: print('Non-positive'),تأكد من تغطية جميع الحالات الممكنة في الشروط لتجنب الأخطاء المنطقية.
try: x = int(input()) except ValueError: print('Invalid'),تأكد من التعامل مع الأخطاء باستخدام try-except بشكل صحيح.
my_list = [i*2 for i in range(5)],استخدم comprehensions لتسهيل إنشاء القوائم بطريقة مختصرة.
try: x = int(input()) except ValueError: print('Invalid'),تأكد من التعامل مع الأخطاء باستخدام try-except بشكل صحيح.
if x > 0: print('Positive') else: print('Non-positive'),تأكد من تغطية جميع الحالات الممكنة في الشروط لتجنب الأخطاء المنطقية.
if x > 0: print('Positive') else: print('Non-positive'),تأكد من تغطية جميع الحالات الممكنة في الشروط لتجنب الأخطاء المنطقية.
"with open('file.txt','r') as f: data = f.read()",تأكد من إدارة الملفات بشكل صحيح باستخدام with.
my_list = [i*2 for i in range(5)],استخدم comprehensions لتسهيل إنشاء القوائم بطريقة مختصرة.
for i in range(10): print(i),تأكد من أن الحلقات لديك لها شرط توقف واضح لتجنب الحلقات اللامتناهية.
if x > 0: print('Positive') else: print('Non-positive'),تأكد من تغطية جميع الحالات الممكنة في الشروط لتجنب الأخطاء المنطقية.
if x > 0: print('Positive') else: print('Non-positive'),تأكد من تغطية جميع الحالات الممكنة في الشروط لتجنب الأخطاء المنطقية.
my_list = [i*2 for i in range(5)],استخدم comprehensions لتسهيل إنشاء القوائم بطريقة مختصرة.
my_list = [i*2 for i in range(5)],استخدم comprehensions لتسهيل إنشاء القوائم بطريقة مختصرة.
def factorial(n): return 1 if n==0 else n*factorial(n-1),تأكد من التعامل مع الدوال العودية بشكل صحيح لتجنب تجاوز الحد الأقصى للذاكرة.
"with open('file.txt','r') as f: data = f.read()",تأكد من إدارة الملفات بشكل صحيح باستخدام with.
import math; math.sqrt(16),تأكد من استيراد المكتبات فقط عند الحاجة.
import math; math.sqrt(16),تأكد من استيراد المكتبات فقط عند الحاجة.
if x > 0: print('Positive') else: print('Non-positive'),تأكد من تغطية جميع الحالات الممكنة في الشروط لتجنب الأخطاء المنطقية.
def factorial(n): return 1 if n==0 else n*factorial(n-1),تأكد من التعامل مع الدوال العودية بشكل صحيح لتجنب تجاوز الحد الأقصى للذاكرة.
"def add(a, b): return a + b",يمكنك إضافة تعليقات Docstring لوصف وظيفة كل دالة.
try: x = int(input()) except ValueError: print('Invalid'),تأكد من التعامل مع الأخطاء باستخدام try-except بشكل صحيح.
def factorial(n): return 1 if n==0 else n*factorial(n-1),تأكد من التعامل مع الدوال العودية بشكل صحيح لتجنب تجاوز الحد الأقصى للذاكرة.
"with open('file.txt','r') as f: data = f.read()",تأكد من إدارة الملفات بشكل صحيح باستخدام with.
try: x = int(input()) except ValueError: print('Invalid'),تأكد من التعامل مع الأخطاء باستخدام try-except بشكل صحيح.
"def add(a, b): return a + b",يمكنك إضافة تعليقات Docstring لوصف وظيفة كل دالة.
my_list = [i*2 for i in range(5)],استخدم comprehensions لتسهيل إنشاء القوائم بطريقة مختصرة.
"with open('file.txt','r') as f: data = f.read()",تأكد من إدارة الملفات بشكل صحيح باستخدام with.
my_list = [i*2 for i in range(5)],استخدم comprehensions لتسهيل إنشاء القوائم بطريقة مختصرة.
for i in range(10): print(i),تأكد من أن الحلقات لديك لها شرط توقف واضح لتجنب الحلقات اللامتناهية.
"with open('file.txt','r') as f: data = f.read()",تأكد من إدارة الملفات بشكل صحيح باستخدام with.
import math; math.sqrt(16),تأكد من استيراد المكتبات فقط عند الحاجة.
"with open('file.txt','r') as f: data = f.read()",تأكد من إدارة الملفات بشكل صحيح باستخدام with.
if x > 0: print('Positive') else: print('Non-positive'),تأكد من تغطية جميع الحالات الممكنة في الشروط لتجنب الأخطاء المنطقية.
import math; math.sqrt(16),تأكد من استيراد المكتبات فقط عند الحاجة.
try: x = int(input()) except ValueError: print('Invalid'),تأكد من التعامل مع الأخطاء باستخدام try-except بشكل صحيح.
if x > 0: print('Positive') else: print('Non-positive'),تأكد من تغطية جميع الحالات الممكنة في الشروط لتجنب الأخطاء المنطقية.
"numbers = [1,2,3]; total = sum(numbers)",يمكنك استخدام الدوال المدمجة مثل sum لتسهيل العمليات.
def factorial(n): return 1 if n==0 else n*factorial(n-1),تأكد من التعامل مع الدوال العودية بشكل صحيح لتجنب تجاوز الحد الأقصى للذاكرة.
my_list = [i*2 for i in range(5)],استخدم comprehensions لتسهيل إنشاء القوائم بطريقة مختصرة.
"with open('file.txt','r') as f: data = f.read()",تأكد من إدارة الملفات بشكل صحيح باستخدام with.
"def add(a, b): return a + b",يمكنك إضافة تعليقات Docstring لوصف وظيفة كل دالة.
"def add(a, b): return a + b",يمكنك إضافة تعليقات Docstring لوصف وظيفة كل دالة.
if x > 0: print('Positive') else: print('Non-positive'),تأكد من تغطية جميع الحالات الممكنة في الشروط لتجنب الأخطاء المنطقية.
import math; math.sqrt(16),تأكد من استيراد المكتبات فقط عند الحاجة.
"numbers = [1,2,3]; total = sum(numbers)",يمكنك استخدام الدوال المدمجة مثل sum لتسهيل العمليات.
"def add(a, b): return a + b",يمكنك إضافة تعليقات Docstring لوصف وظيفة كل دالة.
"with open('file.txt','r') as f: data = f.read()",تأكد من إدارة الملفات بشكل صحيح باستخدام with.
for i in range(10): print(i),تأكد من أن الحلقات لديك لها شرط توقف واضح لتجنب الحلقات اللامتناهية.
try: x = int(input()) except ValueError: print('Invalid'),تأكد من التعامل مع الأخطاء باستخدام try-except بشكل صحيح.
"numbers = [1,2,3]; total = sum(numbers)",يمكنك استخدام الدوال المدمجة مثل sum لتسهيل العمليات.
my_list = [i*2 for i in range(5)],استخدم comprehensions لتسهيل إنشاء القوائم بطريقة مختصرة.
for i in range(10): print(i),تأكد من أن الحلقات لديك لها شرط توقف واضح لتجنب الحلقات اللامتناهية.
while n > 0: n -= 1,احذر من الحلقات اللامتناهية وتحقق من شرط التوقف.
try: x = int(input()) except ValueError: print('Invalid'),تأكد من التعامل مع الأخطاء باستخدام try-except بشكل صحيح.
"numbers = [1,2,3]; total = sum(numbers)",يمكنك استخدام الدوال المدمجة مثل sum لتسهيل العمليات.
while n > 0: n -= 1,احذر من الحلقات اللامتناهية وتحقق من شرط التوقف.
import math; math.sqrt(16),تأكد من استيراد المكتبات فقط عند الحاجة.
while n > 0: n -= 1,احذر من الحلقات اللامتناهية وتحقق من شرط التوقف.
my_list = [i*2 for i in range(5)],استخدم comprehensions لتسهيل إنشاء القوائم بطريقة مختصرة.
for i in range(10): print(i),تأكد من أن الحلقات لديك لها شرط توقف واضح لتجنب الحلقات اللامتناهية.
import math; math.sqrt(16),تأكد من استيراد المكتبات فقط عند الحاجة.
"with open('file.txt','r') as f: data = f.read()",تأكد من إدارة الملفات بشكل صحيح باستخدام with.
while n > 0: n -= 1,احذر من الحلقات اللامتناهية وتحقق من شرط التوقف.
if x > 0: print('Positive') else: print('Non-positive'),تأكد من تغطية جميع الحالات الممكنة في الشروط لتجنب الأخطاء المنطقية.
my_list = [i*2 for i in range(5)],استخدم comprehensions لتسهيل إنشاء القوائم بطريقة مختصرة.
while n > 0: n -= 1,احذر من الحلقات اللامتناهية وتحقق من شرط التوقف.
"def add(a, b): return a + b",يمكنك إضافة تعليقات Docstring لوصف وظيفة كل دالة.
"with open('file.txt','r') as f: data = f.read()",تأكد من إدارة الملفات بشكل صحيح باستخدام with.
try: x = int(input()) except ValueError: print('Invalid'),تأكد من التعامل مع الأخطاء باستخدام try-except بشكل صحيح.
"with open('file.txt','r') as f: data = f.read()",تأكد من إدارة الملفات بشكل صحيح باستخدام with.
while n > 0: n -= 1,احذر من الحلقات اللامتناهية وتحقق من شرط التوقف.
while n > 0: n -= 1,احذر من الحلقات اللامتناهية وتحقق من شرط التوقف.
def factorial(n): return 1 if n==0 else n*factorial(n-1),تأكد من التعامل مع الدوال العودية بشكل صحيح لتجنب تجاوز الحد الأقصى للذاكرة.
import math; math.sqrt(16),تأكد من استيراد المكتبات فقط عند الحاجة.
my_list = [i*2 for i in range(5)],استخدم comprehensions لتسهيل إنشاء القوائم بطريقة مختصرة.
my_list = [i*2 for i in range(5)],استخدم comprehensions لتسهيل إنشاء القوائم بطريقة مختصرة.
if x > 0: print('Positive') else: print('Non-positive'),تأكد من تغطية جميع الحالات الممكنة في الشروط لتجنب الأخطاء المنطقية.
"def add(a, b): return a + b",يمكنك إضافة تعليقات Docstring لوصف وظيفة كل دالة.
"numbers = [1,2,3]; total = sum(numbers)",يمكنك استخدام الدوال المدمجة مثل sum لتسهيل العمليات.
"numbers = [1,2,3]; total = sum(numbers)",يمكنك استخدام الدوال المدمجة مثل sum لتسهيل العمليات.
if x > 0: print('Positive') else: print('Non-positive'),تأكد من تغطية جميع الحالات الممكنة في الشروط لتجنب الأخطاء المنطقية.
try: x = int(input()) except ValueError: print('Invalid'),تأكد من التعامل مع الأخطاء باستخدام try-except بشكل صحيح.
if x > 0: print('Positive') else: print('Non-positive'),تأكد من تغطية جميع الحالات الممكنة في الشروط لتجنب الأخطاء المنطقية.
import math; math.sqrt(16),تأكد من استيراد المكتبات فقط عند الحاجة.
while n > 0: n -= 1,احذر من الحلقات اللامتناهية وتحقق من شرط التوقف.
def factorial(n): return 1 if n==0 else n*factorial(n-1),تأكد من التعامل مع الدوال العودية بشكل صحيح لتجنب تجاوز الحد الأقصى للذاكرة.
"with open('file.txt','r') as f: data = f.read()",تأكد من إدارة الملفات بشكل صحيح باستخدام with.
for i in range(10): print(i),تأكد من أن الحلقات لديك لها شرط توقف واضح لتجنب الحلقات اللامتناهية.
"with open('file.txt','r') as f: data = f.read()",تأكد من إدارة الملفات بشكل صحيح باستخدام with.
"with open('file.txt','r') as f: data = f.read()",تأكد من إدارة الملفات بشكل صحيح باستخدام with.
try: x = int(input()) except ValueError: print('Invalid'),تأكد من التعامل مع الأخطاء باستخدام try-except بشكل صحيح.
try: x = int(input()) except ValueError: print('Invalid'),تأكد من التعامل مع الأخطاء باستخدام try-except بشكل صحيح.
"def add(a, b): return a + b",يمكنك إضافة تعليقات Docstring لوصف وظيفة كل دالة.
"def add(a, b): return a + b",يمكنك إضافة تعليقات Docstring لوصف وظيفة كل دالة.
"with open('file.txt','r') as f: data = f.read()",تأكد من إدارة الملفات بشكل صحيح باستخدام with.
def factorial(n): return 1 if n==0 else n*factorial(n-1),تأكد من التعامل مع الدوال العودية بشكل صحيح لتجنب تجاوز الحد الأقصى للذاكرة.
"with open('file.txt','r') as f: data = f.read()",تأكد من إدارة الملفات بشكل صحيح باستخدام with.
if x > 0: print('Positive') else: print('Non-positive'),تأكد من تغطية جميع الحالات الممكنة في الشروط لتجنب الأخطاء المنطقية.
def factorial(n): return 1 if n==0 else n*factorial(n-1),تأكد من التعامل مع الدوال العودية بشكل صحيح لتجنب تجاوز الحد الأقصى للذاكرة.
if x > 0: print('Positive') else: print('Non-positive'),تأكد من تغطية جميع الحالات الممكنة في الشروط لتجنب الأخطاء المنطقية.
"numbers = [1,2,3]; total = sum(numbers)",يمكنك استخدام الدوال المدمجة مثل sum لتسهيل العمليات.
def factorial(n): return 1 if n==0 else n*factorial(n-1),تأكد من التعامل مع الدوال العودية بشكل صحيح لتجنب تجاوز الحد الأقصى للذاكرة.
"def add(a, b): return a + b",يمكنك إضافة تعليقات Docstring لوصف وظيفة كل دالة.
my_list = [i*2 for i in range(5)],استخدم comprehensions لتسهيل إنشاء القوائم بطريقة مختصرة.
my_list = [i*2 for i in range(5)],استخدم comprehensions لتسهيل إنشاء القوائم بطريقة مختصرة.
try: x = int(input()) except ValueError: print('Invalid'),تأكد من التعامل مع الأخطاء باستخدام try-except بشكل صحيح.
"def add(a, b): return a + b",يمكنك إضافة تعليقات Docstring لوصف وظيفة كل دالة.
import math; math.sqrt(16),تأكد من استيراد المكتبات فقط عند الحاجة.
if x > 0: print('Positive') else: print('Non-positive'),تأكد من تغطية جميع الحالات الممكنة في الشروط لتجنب الأخطاء المنطقية.
import math; math.sqrt(16),تأكد من استيراد المكتبات فقط عند الحاجة.
for i in range(10): print(i),تأكد من أن الحلقات لديك لها شرط توقف واضح لتجنب الحلقات اللامتناهية.
while n > 0: n -= 1,احذر من الحلقات اللامتناهية وتحقق من شرط التوقف.
"with open('file.txt','r') as f: data = f.read()",تأكد من إدارة الملفات بشكل صحيح باستخدام with.
"numbers = [1,2,3]; total = sum(numbers)",يمكنك استخدام الدوال المدمجة مثل sum لتسهيل العمليات.
for i in range(10): print(i),تأكد من أن الحلقات لديك لها شرط توقف واضح لتجنب الحلقات اللامتناهية.
"def add(a, b): return a + b",يمكنك إضافة تعليقات Docstring لوصف وظيفة كل دالة.
"with open('file.txt','r') as f: data = f.read()",تأكد من إدارة الملفات بشكل صحيح باستخدام with.
if x > 0: print('Positive') else: print('Non-positive'),تأكد من تغطية جميع الحالات الممكنة في الشروط لتجنب الأخطاء المنطقية.
def factorial(n): return 1 if n==0 else n*factorial(n-1),تأكد من التعامل مع الدوال العودية بشكل صحيح لتجنب تجاوز الحد الأقصى للذاكرة.
"numbers = [1,2,3]; total = sum(numbers)",يمكنك استخدام الدوال المدمجة مثل sum لتسهيل العمليات.
def factorial(n): return 1 if n==0 else n*factorial(n-1),تأكد من التعامل مع الدوال العودية بشكل صحيح لتجنب تجاوز الحد الأقصى للذاكرة.
while n > 0: n -= 1,احذر من الحلقات اللامتناهية وتحقق من شرط التوقف.
try: x = int(input()) except ValueError: print('Invalid'),تأكد من التعامل مع الأخطاء باستخدام try-except بشكل صحيح.
while n > 0: n -= 1,احذر من الحلقات اللامتناهية وتحقق من شرط التوقف.
for i in range(10): print(i),تأكد من أن الحلقات لديك لها شرط توقف واضح لتجنب الحلقات اللامتناهية.
"def add(a, b): return a + b",يمكنك إضافة تعليقات Docstring لوصف وظيفة كل دالة.
try: x = int(input()) except ValueError: print('Invalid'),تأكد من التعامل مع الأخطاء باستخدام try-except بشكل صحيح.
"def add(a, b): return a + b",يمكنك إضافة تعليقات Docstring لوصف وظيفة كل دالة.
if x > 0: print('Positive') else: print('Non-positive'),تأكد من تغطية جميع الحالات الممكنة في الشروط لتجنب الأخطاء المنطقية.
while n > 0: n -= 1,احذر من الحلقات اللامتناهية وتحقق من شرط التوقف.
my_list = [i*2 for i in range(5)],استخدم comprehensions لتسهيل إنشاء القوائم بطريقة مختصرة.
while n > 0: n -= 1,احذر من الحلقات اللامتناهية وتحقق من شرط التوقف.
def factorial(n): return 1 if n==0 else n*factorial(n-1),تأكد من التعامل مع الدوال العودية بشكل صحيح لتجنب تجاوز الحد الأقصى للذاكرة.
my_list = [i*2 for i in range(5)],استخدم comprehensions لتسهيل إنشاء القوائم بطريقة مختصرة.
if x > 0: print('Positive') else: print('Non-positive'),تأكد من تغطية جميع الحالات الممكنة في الشروط لتجنب الأخطاء المنطقية.
"def add(a, b): return a + b",يمكنك إضافة تعليقات Docstring لوصف وظيفة كل دالة.
import math; math.sqrt(16),تأكد من استيراد المكتبات فقط عند الحاجة.
def factorial(n): return 1 if n==0 else n*factorial(n-1),تأكد من التعامل مع الدوال العودية بشكل صحيح لتجنب تجاوز الحد الأقصى للذاكرة.
import math; math.sqrt(16),تأكد من استيراد المكتبات فقط عند الحاجة.
for i in range(10): print(i),تأكد من أن الحلقات لديك لها شرط توقف واضح لتجنب الحلقات اللامتناهية.
while n > 0: n -= 1,احذر من الحلقات اللامتناهية وتحقق من شرط التوقف.
"with open('file.txt','r') as f: data = f.read()",تأكد من إدارة الملفات بشكل صحيح باستخدام with.
"def add(a, b): return a + b",يمكنك إضافة تعليقات Docstring لوصف وظيفة كل دالة.
def factorial(n): return 1 if n==0 else n*factorial(n-1),تأكد من التعامل مع الدوال العودية بشكل صحيح لتجنب تجاوز الحد الأقصى للذاكرة.
if x > 0: print('Positive') else: print('Non-positive'),تأكد من تغطية جميع الحالات الممكنة في الشروط لتجنب الأخطاء المنطقية.
for i in range(10): print(i),تأكد من أن الحلقات لديك لها شرط توقف واضح لتجنب الحلقات اللامتناهية.
def factorial(n): return 1 if n==0 else n*factorial(n-1),تأكد من التعامل مع الدوال العودية بشكل صحيح لتجنب تجاوز الحد الأقصى للذاكرة.
"def add(a, b): return a + b",يمكنك إضافة تعليقات Docstring لوصف وظيفة كل دالة.
my_list = [i*2 for i in range(5)],استخدم comprehensions لتسهيل إنشاء القوائم بطريقة مختصرة.
def factorial(n): return 1 if n==0 else n*factorial(n-1),تأكد من التعامل مع الدوال العودية بشكل صحيح لتجنب تجاوز الحد الأقصى للذاكرة.
"def add(a, b): return a + b",يمكنك إضافة تعليقات Docstring لوصف وظيفة كل دالة.
if x > 0: print('Positive') else: print('Non-positive'),تأكد من تغطية جميع الحالات الممكنة في الشروط لتجنب الأخطاء المنطقية.
import math; math.sqrt(16),تأكد من استيراد المكتبات فقط عند الحاجة.
import math; math.sqrt(16),تأكد من استيراد المكتبات فقط عند الحاجة.
"with open('file.txt','r') as f: data = f.read()",تأكد من إدارة الملفات بشكل صحيح باستخدام with.
def factorial(n): return 1 if n==0 else n*factorial(n-1),تأكد من التعامل مع الدوال العودية بشكل صحيح لتجنب تجاوز الحد الأقصى للذاكرة.
if x > 0: print('Positive') else: print('Non-positive'),تأكد من تغطية جميع الحالات الممكنة في الشروط لتجنب الأخطاء المنطقية.
import math; math.sqrt(16),تأكد من استيراد المكتبات فقط عند الحاجة.
try: x = int(input()) except ValueError: print('Invalid'),تأكد من التعامل مع الأخطاء باستخدام try-except بشكل صحيح.
"numbers = [1,2,3]; total = sum(numbers)",يمكنك استخدام الدوال المدمجة مثل sum لتسهيل العمليات.
for i in range(10): print(i),تأكد من أن الحلقات لديك لها شرط توقف واضح لتجنب الحلقات اللامتناهية.
"def add(a, b): return a + b",يمكنك إضافة تعليقات Docstring لوصف وظيفة كل دالة.
while n > 0: n -= 1,احذر من الحلقات اللامتناهية وتحقق من شرط التوقف.
"def add(a, b): return a + b",يمكنك إضافة تعليقات Docstring لوصف وظيفة كل دالة.
def factorial(n): return 1 if n==0 else n*factorial(n-1),تأكد من التعامل مع الدوال العودية بشكل صحيح لتجنب تجاوز الحد الأقصى للذاكرة.
while n > 0: n -= 1,احذر من الحلقات اللامتناهية وتحقق من شرط التوقف.
if x > 0: print('Positive') else: print('Non-positive'),تأكد من تغطية جميع الحالات الممكنة في الشروط لتجنب الأخطاء المنطقية.
for i in range(10): print(i),تأكد من أن الحلقات لديك لها شرط توقف واضح لتجنب الحلقات اللامتناهية.
"with open('file.txt','r') as f: data = f.read()",تأكد من إدارة الملفات بشكل صحيح باستخدام with.
for i in range(10): print(i),تأكد من أن الحلقات لديك لها شرط توقف واضح لتجنب الحلقات اللامتناهية.
"def add(a, b): return a + b",يمكنك إضافة تعليقات Docstring لوصف وظيفة كل دالة.
"numbers = [1,2,3]; total = sum(numbers)",يمكنك استخدام الدوال المدمجة مثل sum لتسهيل العمليات.
my_list = [i*2 for i in range(5)],استخدم comprehensions لتسهيل إنشاء القوائم بطريقة مختصرة.
my_list = [i*2 for i in range(5)],استخدم comprehensions لتسهيل إنشاء القوائم بطريقة مختصرة.
my_list = [i*2 for i in range(5)],استخدم comprehensions لتسهيل إنشاء القوائم بطريقة مختصرة.
"def add(a, b): return a + b",يمكنك إضافة تعليقات Docstring لوصف وظيفة كل دالة.
"numbers = [1,2,3]; total = sum(numbers)",يمكنك استخدام الدوال المدمجة مثل sum لتسهيل العمليات.
my_list = [i*2 for i in range(5)],استخدم comprehensions لتسهيل إنشاء القوائم بطريقة مختصرة.
"numbers = [1,2,3]; total = sum(numbers)",يمكنك استخدام الدوال المدمجة مثل sum لتسهيل العمليات.
"numbers = [1,2,3]; total = sum(numbers)",يمكنك استخدام الدوال المدمجة مثل sum لتسهيل العمليات.
if x > 0: print('Positive') else: print('Non-positive'),تأكد من تغطية جميع الحالات الممكنة في الشروط لتجنب الأخطاء المنطقية.
my_list = [i*2 for i in range(5)],استخدم comprehensions لتسهيل إنشاء القوائم بطريقة مختصرة.
my_list = [i*2 for i in range(5)],استخدم comprehensions لتسهيل إنشاء القوائم بطريقة مختصرة.
for i in range(10): print(i),تأكد من أن الحلقات لديك لها شرط توقف واضح لتجنب الحلقات اللامتناهية.
for i in range(10): print(i),تأكد من أن الحلقات لديك لها شرط توقف واضح لتجنب الحلقات اللامتناهية.
import math; math.sqrt(16),تأكد من استيراد المكتبات فقط عند الحاجة.
"numbers = [1,2,3]; total = sum(numbers)",يمكنك استخدام الدوال المدمجة مثل sum لتسهيل العمليات.
"numbers = [1,2,3]; total = sum(numbers)",يمكنك استخدام الدوال المدمجة مثل sum لتسهيل العمليات.
"def add(a, b): return a + b",يمكنك إضافة تعليقات Docstring لوصف وظيفة كل دالة.
"def add(a, b): return a + b",يمكنك إضافة تعليقات Docstring لوصف وظيفة كل دالة.
"numbers = [1,2,3]; total = sum(numbers)",يمكنك استخدام الدوال المدمجة مثل sum لتسهيل العمليات.
while n > 0: n -= 1,احذر من الحلقات اللامتناهية وتحقق من شرط التوقف.
if x > 0: print('Positive') else: print('Non-positive'),تأكد من تغطية جميع الحالات الممكنة في الشروط لتجنب الأخطاء المنطقية.
"def add(a, b): return a + b",يمكنك إضافة تعليقات Docstring لوصف وظيفة كل دالة.
for i in range(10): print(i),تأكد من أن الحلقات لديك لها شرط توقف واضح لتجنب الحلقات اللامتناهية.
if x > 0: print('Positive') else: print('Non-positive'),تأكد من تغطية جميع الحالات الممكنة في الشروط لتجنب الأخطاء المنطقية.
for i in range(10): print(i),تأكد من أن الحلقات لديك لها شرط توقف واضح لتجنب الحلقات اللامتناهية.
if x > 0: print('Positive') else: print('Non-positive'),تأكد من تغطية جميع الحالات الممكنة في الشروط لتجنب الأخطاء المنطقية.
my_list = [i*2 for i in range(5)],استخدم comprehensions لتسهيل إنشاء القوائم بطريقة مختصرة.
try: x = int(input()) except ValueError: print('Invalid'),تأكد من التعامل مع الأخطاء باستخدام try-except بشكل صحيح.
def factorial(n): return 1 if n==0 else n*factorial(n-1),تأكد من التعامل مع الدوال العودية بشكل صحيح لتجنب تجاوز الحد الأقصى للذاكرة.
"def add(a, b): return a + b",يمكنك إضافة تعليقات Docstring لوصف وظيفة كل دالة.
"with open('file.txt','r') as f: data = f.read()",تأكد من إدارة الملفات بشكل صحيح باستخدام with.
my_list = [i*2 for i in range(5)],استخدم comprehensions لتسهيل إنشاء القوائم بطريقة مختصرة.
"numbers = [1,2,3]; total = sum(numbers)",يمكنك استخدام الدوال المدمجة مثل sum لتسهيل العمليات.
"numbers = [1,2,3]; total = sum(numbers)",يمكنك استخدام الدوال المدمجة مثل sum لتسهيل العمليات.
if x > 0: print('Positive') else: print('Non-positive'),تأكد من تغطية جميع الحالات الممكنة في الشروط لتجنب الأخطاء المنطقية.
my_list = [i*2 for i in range(5)],استخدم comprehensions لتسهيل إنشاء القوائم بطريقة مختصرة.
"numbers = [1,2,3]; total = sum(numbers)",يمكنك استخدام الدوال المدمجة مثل sum لتسهيل العمليات.
if x > 0: print('Positive') else: print('Non-positive'),تأكد من تغطية جميع الحالات الممكنة في الشروط لتجنب الأخطاء المنطقية.
if x > 0: print('Positive') else: print('Non-positive'),تأكد من تغطية جميع الحالات الممكنة في الشروط لتجنب الأخطاء المنطقية.
"def add(a, b): return a + b",يمكنك إضافة تعليقات Docstring لوصف وظيفة كل دالة.
import math; math.sqrt(16),تأكد من استيراد المكتبات فقط عند الحاجة.
try: x = int(input()) except ValueError: print('Invalid'),تأكد من التعامل مع الأخطاء باستخدام try-except بشكل صحيح.
